-- phpMyAdmin SQL Dump
-- version 5.1.1
-- https://www.phpmyadmin.net/
--
-- Host: 127.0.0.1:3303
-- Generation Time: Jan 26, 2024 at 03:47 AM
-- Server version: 5.7.36
-- PHP Version: 7.4.26

SET SQL_MODE = "NO_AUTO_VALUE_ON_ZERO";
START TRANSACTION;
SET time_zone = "+00:00";


/*!40101 SET @OLD_CHARACTER_SET_CLIENT=@@CHARACTER_SET_CLIENT */;
/*!40101 SET @OLD_CHARACTER_SET_RESULTS=@@CHARACTER_SET_RESULTS */;
/*!40101 SET @OLD_COLLATION_CONNECTION=@@COLLATION_CONNECTION */;
/*!40101 SET NAMES utf8mb4 */;

--
-- Database: `crud`
--

-- --------------------------------------------------------

--
-- Table structure for table `emcee`
--

DROP TABLE IF EXISTS `emcee`;
CREATE TABLE IF NOT EXISTS `emcee` (
  `id` int(11) NOT NULL AUTO_INCREMENT,
  `AdmNo` varchar(45) DEFAULT NULL,
  `Seating` varchar(45) DEFAULT NULL,
  `Event` int(11) DEFAULT NULL,
  PRIMARY KEY (`id`),
  KEY `event_idx` (`Event`)
) ENGINE=InnoDB AUTO_INCREMENT=17 DEFAULT CHARSET=latin1;

--
-- Dumping data for table `emcee`
--

INSERT INTO `emcee` (`id`, `AdmNo`, `Seating`, `Event`) VALUES
(1, '185284Z', NULL, 2),
(2, '185284Z', NULL, 2),
(3, '185284Z', NULL, 2),
(4, '185284Z', NULL, 2),
(5, '185284Z', NULL, 2),
(6, '185284Z', NULL, 2),
(7, '185284Z', NULL, 2),
(8, '181205D', NULL, 2),
(9, '190123X', NULL, 1),
(10, '213036S', NULL, 4),
(11, '213036S', NULL, 4),
(12, '214468A', NULL, 5),
(13, '214468A', NULL, 5),
(14, '211697E', NULL, 5),
(15, '212924B', NULL, 5),
(16, '201388F', NULL, 5);

-- --------------------------------------------------------

--
-- Table structure for table `event`
--

DROP TABLE IF EXISTS `event`;
CREATE TABLE IF NOT EXISTS `event` (
  `id` int(11) NOT NULL AUTO_INCREMENT,
  `name` varchar(45) DEFAULT NULL,
  `location` varchar(45) DEFAULT NULL,
  `date` varchar(45) DEFAULT NULL,
  `time` varchar(45) DEFAULT NULL,
  `rowxcol` varchar(45) DEFAULT NULL,
  PRIMARY KEY (`id`)
) ENGINE=InnoDB AUTO_INCREMENT=6 DEFAULT CHARSET=latin1;

--
-- Dumping data for table `event`
--

INSERT INTO `event` (`id`, `name`, `location`, `date`, `time`, `rowxcol`) VALUES
(1, 'liheng coming', 'Woodlands North', '2023-11-10', '17:30', '12,12'),
(2, 'khai cher coming', 'NYP', '2023-11-14', '17:00', '5,5'),
(3, 'berry', 'Layar LRT', '2023-11-07', '17:30', '13,12'),
(4, 'ofcossureaightno', 'Woodlands North', '2023-11-24', '6pm', '5,5'),
(5, 'D-List 2023', 'NYP', '2023-12-01', '17:30', '10,17');

-- --------------------------------------------------------

--
-- Table structure for table `event_staff`
--

DROP TABLE IF EXISTS `event_staff`;
CREATE TABLE IF NOT EXISTS `event_staff` (
  `id` int(11) NOT NULL AUTO_INCREMENT,
  `user_id` int(11) DEFAULT NULL,
  `event_id` int(11) DEFAULT NULL,
  PRIMARY KEY (`id`),
  KEY `user_id_idx` (`user_id`),
  KEY `event_id_idx` (`event_id`)
) ENGINE=MyISAM AUTO_INCREMENT=7 DEFAULT CHARSET=latin1;

--
-- Dumping data for table `event_staff`
--

INSERT INTO `event_staff` (`id`, `user_id`, `event_id`) VALUES
(1, 1, 4),
(2, 1, 5),
(3, 1, 1),
(4, 1, 3),
(5, 1, 2),
(6, 2, 5);

-- --------------------------------------------------------

--
-- Table structure for table `seating`
--

DROP TABLE IF EXISTS `seating`;
CREATE TABLE IF NOT EXISTS `seating` (
  `id` int(11) NOT NULL AUTO_INCREMENT,
  `name` varchar(45) NOT NULL,
  `rowxcol` varchar(45) DEFAULT NULL,
  `event` int(11) DEFAULT NULL,
  `color` varchar(45) DEFAULT NULL,
  PRIMARY KEY (`id`),
  KEY `event` (`event`)
) ENGINE=InnoDB AUTO_INCREMENT=32 DEFAULT CHARSET=latin1;

--
-- Dumping data for table `seating`
--

INSERT INTO `seating` (`id`, `name`, `rowxcol`, `event`, `color`) VALUES
(2, 'liheng', '1,A,5,C', 1, '#9A1202'),
(3, 'lihenggay', '1,A,2,A', 2, '#CA5C52'),
(4, 'lihengbro', '4,A,5,A', 2, '#BD22A5'),
(5, 'lihengsis', '1,B,5,B', 2, '#500A1C'),
(10, 'lihengsssss', '1,A,4,B', 3, '#BFE7EC'),
(11, 'lihenggay', '1,A,2,A', 4, '#CA5C52'),
(12, 'lihengbro', '4,A,5,A', 4, '#BD22A5'),
(13, 'lihengsis', '1,B,5,B', 4, '#500A1C'),
(23, 'Staff IC', '1,A,1,E', 5, '#5EA94B'),
(24, 'Student Helpers', '2,A,2,E', 5, '#33CE0C'),
(25, 'Directors, CMT', '1,F,1,L', 5, '#1DE1FB'),
(26, 'Photographers', '2,F,3,L', 5, '#222415'),
(27, 'Top Students', '1,M,1,Q', 5, '#8CE254'),
(28, 'Year 1 Director List', '3,A,6,E', 5, '#CAEFD2'),
(29, 'Year 2 Director List', '4,F,6,L', 5, '#52096E'),
(30, 'Year 3 Director List', '2,M,4,Q', 5, '#1BC0F3'),
(31, 'Good Progress', '5,M,6,Q', 5, '#9EFC5C');

-- --------------------------------------------------------

--
-- Table structure for table `students`
--

DROP TABLE IF EXISTS `students`;
CREATE TABLE IF NOT EXISTS `students` (
  `id` int(11) NOT NULL AUTO_INCREMENT,
  `Stage` varchar(45) DEFAULT NULL,
  `Award` varchar(45) DEFAULT NULL,
  `FlipFlop` varchar(45) DEFAULT NULL,
  `AdmNo` varchar(45) DEFAULT NULL,
  `FullName` varchar(45) DEFAULT NULL,
  `TutGrp` varchar(45) DEFAULT NULL,
  `Status` varchar(45) DEFAULT NULL,
  `Attendance` varchar(45) DEFAULT NULL,
  `Top` varchar(45) DEFAULT NULL,
  `Event` int(11) DEFAULT NULL,
  PRIMARY KEY (`id`),
  KEY `events_idx` (`Event`)
) ENGINE=InnoDB AUTO_INCREMENT=894 DEFAULT CHARSET=latin1;

--
-- Dumping data for table `students`
--

INSERT INTO `students` (`id`, `Stage`, `Award`, `FlipFlop`, `AdmNo`, `FullName`, `TutGrp`, `Status`, `Attendance`, `Top`, `Event`) VALUES
(1, '1', 'Director List Year 1', 'A', '183837N', 'Student 1', 'IM1803', 'Yes', 'Yes', 'Top', 1),
(2, '1', 'Director List Year 1', 'A', '185284Z', 'Student 2', 'IM1800', 'Yes', 'yes', NULL, NULL),
(3, '1', 'Director List Year 1', 'A', '181205D', 'Student 3', 'IM1805', 'Yes', 'yes', NULL, NULL),
(4, '1', 'Director List Year 1', 'A', '182950F', 'Student 4', 'IM1800', 'Yes', NULL, NULL, NULL),
(5, '1', 'Director List Year 1', 'A', '195412W', 'Student 5', 'IM1807', 'Yes', NULL, NULL, NULL),
(6, '1', 'Director List Year 1', 'A', '196992P', 'Student 6', 'IM1805', 'Yes', NULL, NULL, NULL),
(7, '1', 'Director List Year 1', 'A', '186123N', 'Student 7', 'IM1805', 'Yes', NULL, NULL, NULL),
(8, '1', 'Director List Year 1', 'A', '185063A', 'Student 8', 'IM1806', 'Yes', NULL, NULL, NULL),
(9, '1', 'Director List Year 1', 'A', '186811O', 'Student 9', 'IM1807', 'No', NULL, NULL, NULL),
(10, '1', 'Director List Year 1', 'A', '183295X', 'Student 10', 'IM1805', 'Yes', NULL, NULL, NULL),
(11, '1', 'Director List Year 1', 'A', '190237C', 'Student 11', 'IM1807', 'Yes', NULL, NULL, NULL),
(12, '1', 'Director List Year 1', 'A', '187569J', 'Student 12', 'IM1805', 'No', NULL, NULL, NULL),
(13, '1', 'Director List Year 1', 'A', '182225C', 'Student 13', 'IM1807', 'Yes', NULL, NULL, NULL),
(14, '1', 'Director List Year 1', 'A', '194101W', 'Student 14', 'IM1805', 'Yes', NULL, NULL, NULL),
(15, '1', 'Director List Year 1', 'A', '193212B', 'Student 15', 'IM1802', 'No', NULL, NULL, NULL),
(16, '1', 'Director List Year 1', 'A', '191007G', 'Student 16', 'IM1800', 'Yes', NULL, NULL, NULL),
(17, '1', 'Director List Year 1', 'A', '184560M', 'Student 17', 'IM1804', 'Yes', NULL, NULL, NULL),
(18, '1', 'Director List Year 1', 'B', '181508S', 'Student 18', 'IM1803', 'Yes', NULL, 'Top', NULL),
(19, '1', 'Director List Year 1', 'B', '180512D', 'Student 19', 'IM1807', 'Yes', NULL, NULL, NULL),
(20, '1', 'Director List Year 1', 'B', '185760N', 'Student 20', 'IM1803', 'Yes', NULL, NULL, NULL),
(21, '1', 'Director List Year 1', 'B', '185500P', 'Student 21', 'IM1802', 'Yes', NULL, NULL, NULL),
(22, '1', 'Director List Year 1', 'B', '189675B', 'Student 22', 'IM1804', 'Yes', NULL, NULL, NULL),
(23, '1', 'Director List Year 1', 'B', '186425S', 'Student 23', 'IM1805', 'Yes', NULL, NULL, NULL),
(24, '1', 'Director List Year 1', 'B', '191750J', 'Student 24', 'IM1807', 'Yes', NULL, NULL, NULL),
(25, '1', 'Director List Year 1', 'B', '182592L', 'Student 25', 'IM1807', 'Yes', NULL, NULL, NULL),
(26, '1', 'Director List Year 1', 'B', '181845W', 'Student 26', 'IM1803', 'Yes', NULL, NULL, NULL),
(27, '1', 'Director List Year 1', 'B', '184663M', 'Student 27', 'IM1800', 'Yes', NULL, NULL, NULL),
(28, '2', 'Director List Year 2', 'A', '192548X', 'Student 28', 'IM1800', 'No', NULL, NULL, NULL),
(29, '2', 'Director List Year 2', 'A', '199893G', 'Student 29', 'IM1803', 'Yes', NULL, NULL, NULL),
(30, '2', 'Director List Year 2', 'A', '186609E', 'Student 30', 'IM1803', 'No', NULL, NULL, NULL),
(31, '2', 'Director List Year 2', 'A', '180914R', 'Student 31', 'IM1806', 'Yes', NULL, NULL, NULL),
(32, '2', 'Director List Year 2', 'A', '182760S', 'Student 32', 'IM1803', 'No', NULL, NULL, NULL),
(33, '2', 'Director List Year 2', 'A', '197810G', 'Student 33', 'IM1802', 'No', NULL, NULL, NULL),
(34, '2', 'Director List Year 2', 'A', '180474W', 'Student 34', 'IM1800', 'No', NULL, 'Top', NULL),
(35, '2', 'Director List Year 2', 'A', '199936U', 'Student 35', 'IM1806', 'No', NULL, NULL, NULL),
(36, '2', 'Director List Year 2', 'A', '184085A', 'Student 36', 'IM1803', 'Yes', NULL, NULL, NULL),
(37, '2', 'Director List Year 2', 'A', '199850J', 'Student 37', 'IM1806', 'No', NULL, NULL, NULL),
(38, '2', 'Director List Year 2', 'A', '193680O', 'Student 38', 'IM1806', 'Yes', NULL, NULL, NULL),
(39, '2', 'Director List Year 2', 'A', '184498C', 'Student 39', 'IM1805', 'Yes', NULL, NULL, NULL),
(40, '2', 'Director List Year 2', 'A', '184699A', 'Student 40', 'IM1803', 'Yes', NULL, NULL, NULL),
(41, '2', 'Director List Year 2', 'B', '193732D', 'Student 41', 'IM1803', 'Yes', NULL, NULL, NULL),
(42, '2', 'Director List Year 2', 'B', '197736F', 'Student 42', 'IM1805', 'No', NULL, NULL, NULL),
(43, '2', 'Director List Year 2', 'B', '198020Y', 'Student 43', 'IM1803', 'Yes', NULL, NULL, NULL),
(44, '2', 'Director List Year 2', 'B', '188340J', 'Student 44', 'IM1804', 'No', NULL, NULL, NULL),
(45, '2', 'Director List Year 2', 'B', '196776P', 'Student 45', 'IM1803', 'Yes', NULL, NULL, NULL),
(46, '2', 'Director List Year 2', 'B', '188636H', 'Student 46', 'IM1801', 'Yes', NULL, NULL, NULL),
(47, '2', 'Director List Year 2', 'B', '193866W', 'Student 47', 'IM1807', 'Yes', NULL, NULL, NULL),
(48, '2', 'Director List Year 2', 'B', '198413I', 'Student 48', 'IM1800', 'Yes', NULL, NULL, NULL),
(49, '2', 'Director List Year 2', 'B', '197297W', 'Student 49', 'IM1803', 'Yes', NULL, NULL, NULL),
(50, '2', 'Director List Year 2', 'B', '184673O', 'Student 50', 'IM1801', 'No', NULL, NULL, NULL),
(51, '2', 'Director List Year 2', 'B', '182979L', 'Student 51', 'IM1802', 'Yes', NULL, 'Top', NULL),
(52, '2', 'Director List Year 2', 'B', '190524C', 'Student 52', 'IM1802', 'No', NULL, NULL, NULL),
(53, '2', 'Director List Year 2', 'B', '196064M', 'Student 53', 'IM1807', 'No', NULL, NULL, NULL),
(54, '3', 'Director List Year 3', 'A', '193916B', 'Student 54', 'IM1806', 'No', NULL, NULL, NULL),
(55, '3', 'Director List Year 3', 'A', '192515Q', 'Student 55', 'IM1802', 'No', NULL, NULL, NULL),
(56, '3', 'Director List Year 3', 'A', '189844N', 'Student 56', 'IM1807', 'No', NULL, NULL, NULL),
(57, '3', 'Director List Year 3', 'A', '192005O', 'Student 57', 'IM1807', 'Yes', NULL, NULL, NULL),
(58, '3', 'Director List Year 3', 'A', '180602I', 'Student 58', 'IM1806', 'No', NULL, NULL, NULL),
(59, '3', 'Director List Year 3', 'A', '184564Q', 'Student 59', 'IM1804', 'No', NULL, NULL, NULL),
(60, '3', 'Director List Year 3', 'A', '190271E', 'Student 60', 'IM1805', 'No', NULL, NULL, NULL),
(61, '3', 'Director List Year 3', 'A', '190563K', 'Student 61', 'IM1801', 'Yes', NULL, NULL, NULL),
(62, '3', 'Director List Year 3', 'A', '180829P', 'Student 62', 'IM1807', 'No', NULL, NULL, NULL),
(63, '3', 'Director List Year 3', 'A', '185197P', 'Student 63', 'IM1804', 'No', NULL, NULL, NULL),
(64, '3', 'Director List Year 3', 'A', '194367Y', 'Student 64', 'IM1801', 'No', NULL, 'Top', NULL),
(65, '3', 'Director List Year 3', 'B', '196752E', 'Student 65', 'IM1807', 'No', NULL, NULL, NULL),
(66, '3', 'Director List Year 3', 'B', '194684O', 'Student 66', 'IM1806', 'No', NULL, NULL, NULL),
(67, '3', 'Director List Year 3', 'B', '190899D', 'Student 67', 'IM1800', 'No', NULL, NULL, NULL),
(68, '3', 'Director List Year 3', 'B', '189232H', 'Student 68', 'IM1806', 'Yes', NULL, NULL, NULL),
(69, '3', 'Director List Year 3', 'B', '181527Q', 'Student 69', 'IM1804', 'No', NULL, NULL, NULL),
(70, '3', 'Director List Year 3', 'B', '187648J', 'Student 70', 'IM1801', 'No', NULL, NULL, NULL),
(71, '3', 'Director List Year 3', 'B', '197040Z', 'Student 71', 'IM1805', 'Yes', NULL, NULL, NULL),
(72, '3', 'Director List Year 3', 'B', '197898K', 'Student 72', 'IM1807', 'No', NULL, NULL, NULL),
(73, '3', 'Director List Year 3', 'B', '186364V', 'Student 73', 'IM1806', 'No', NULL, NULL, NULL),
(74, '3', 'Director List Year 3', 'B', '182347H', 'Student 74', 'IM1806', 'No', NULL, NULL, NULL),
(75, '3', 'Director List Year 3', 'B', '194118N', 'Student 75', 'IM1805', 'No', NULL, NULL, NULL),
(76, '3', 'Director List Year 3', 'B', '186278V', 'Student 76', 'IM1805', 'Yes', NULL, NULL, NULL),
(77, '3', 'Director List Year 3', 'B', '191725R', 'Student 77', 'IM1803', 'Yes', NULL, 'Top', NULL),
(78, '3', 'Director List Year 3', 'B', '186709N', 'Student 78', 'IM1800', 'No', NULL, NULL, NULL),
(79, '3', 'Director List Year 3', 'B', '190678A', 'Student 79', 'IM1805', 'No', NULL, NULL, NULL),
(80, ' ', 'Good Progress', ' ', '195370O', 'Student 80', 'IM1802', 'No', NULL, NULL, NULL),
(81, ' ', 'Good Progress', ' ', '195212U', 'Student 81', 'IM1800', 'Yes', NULL, NULL, NULL),
(82, ' ', 'Good Progress', ' ', '181469S', 'Student 82', 'IM1802', 'No', NULL, NULL, NULL),
(83, ' ', 'Good Progress', ' ', '194502D', 'Student 83', 'IM1806', 'Yes', NULL, NULL, NULL),
(84, ' ', 'Good Progress', ' ', '183042I', 'Student 84', 'IM1803', 'No', NULL, NULL, NULL),
(85, ' ', 'Good Progress', ' ', '182473I', 'Student 85', 'IM1800', 'No', NULL, NULL, NULL),
(86, ' ', 'Good Progress', ' ', '185458B', 'Student 86', 'IM1803', 'Yes', NULL, NULL, NULL),
(87, ' ', 'Good Progress', ' ', '181430R', 'Student 87', 'IM1806', 'No', NULL, NULL, NULL),
(88, ' ', 'Good Progress', ' ', '191271R', 'Student 88', 'IM1807', 'No', NULL, NULL, NULL),
(89, ' ', 'Good Progress', ' ', '187022H', 'Student 89', 'IM1801', 'Yes', NULL, NULL, NULL),
(90, ' ', 'Good Progress', ' ', '189927C', 'Student 90', 'IM1802', 'Yes', NULL, NULL, NULL),
(91, ' ', 'Good Progress', ' ', '194319G', 'Student 91', 'IM1806', 'Yes', NULL, NULL, NULL),
(92, ' ', 'Good Progress', ' ', '181425T', 'Student 92', 'IM1800', 'No', NULL, NULL, NULL),
(93, ' ', 'Good Progress', ' ', '182312J', 'Student 93', 'IM1805', 'Yes', NULL, NULL, NULL),
(94, ' ', 'Good Progress', ' ', '182036J', 'Student 94', 'IM1806', 'Yes', NULL, NULL, NULL),
(95, ' ', 'Good Progress', ' ', '193383D', 'Student 95', 'IM1804', 'No', NULL, NULL, NULL),
(96, ' ', 'Good Progress', ' ', '192044V', 'Student 96', 'IM1803', 'Yes', NULL, NULL, NULL),
(97, ' ', 'Good Progress', ' ', '194595A', 'Student 97', 'IM1801', 'Yes', NULL, NULL, NULL),
(98, ' ', 'Good Progress', ' ', '188820F', 'Student 98', 'IM1807', 'Yes', NULL, NULL, NULL),
(99, ' ', 'Good Progress', ' ', '188880G', 'Student 99', 'IM1805', 'No', NULL, NULL, NULL),
(100, '1', 'Director List Year 1', 'A', '183837N', 'Student 1', 'IM1803', 'Yes', NULL, 'Top', NULL),
(101, '1', 'Director List Year 1', 'A', '185284Z', 'Student 2', 'IM1800', 'Yes', 'yes', NULL, NULL),
(102, '1', 'Director List Year 1', 'A', '181205D', 'Student 3', 'IM1805', 'Yes', 'yes', NULL, NULL),
(103, '1', 'Director List Year 1', 'A', '182950F', 'Student 4', 'IM1800', 'Yes', NULL, NULL, NULL),
(104, '1', 'Director List Year 1', 'A', '195412W', 'Student 5', 'IM1807', 'Yes', NULL, NULL, NULL),
(105, '1', 'Director List Year 1', 'A', '196992P', 'Student 6', 'IM1805', 'Yes', NULL, NULL, NULL),
(106, '1', 'Director List Year 1', 'A', '186123N', 'Student 7', 'IM1805', 'Yes', NULL, NULL, NULL),
(107, '1', 'Director List Year 1', 'A', '185063A', 'Student 8', 'IM1806', 'Yes', NULL, NULL, NULL),
(108, '1', 'Director List Year 1', 'A', '186811O', 'Student 9', 'IM1807', 'No', NULL, NULL, NULL),
(109, '1', 'Director List Year 1', 'A', '183295X', 'Student 10', 'IM1805', 'Yes', NULL, NULL, NULL),
(110, '1', 'Director List Year 1', 'A', '190237C', 'Student 11', 'IM1807', 'Yes', NULL, NULL, NULL),
(111, '1', 'Director List Year 1', 'A', '187569J', 'Student 12', 'IM1805', 'No', NULL, NULL, NULL),
(112, '1', 'Director List Year 1', 'A', '182225C', 'Student 13', 'IM1807', 'Yes', NULL, NULL, NULL),
(113, '1', 'Director List Year 1', 'A', '194101W', 'Student 14', 'IM1805', 'Yes', NULL, NULL, NULL),
(114, '1', 'Director List Year 1', 'A', '193212B', 'Student 15', 'IM1802', 'No', NULL, NULL, NULL),
(115, '1', 'Director List Year 1', 'A', '191007G', 'Student 16', 'IM1800', 'Yes', NULL, NULL, NULL),
(116, '1', 'Director List Year 1', 'A', '184560M', 'Student 17', 'IM1804', 'Yes', NULL, NULL, NULL),
(117, '1', 'Director List Year 1', 'B', '181508S', 'Student 18', 'IM1803', 'Yes', NULL, 'Top', NULL),
(118, '1', 'Director List Year 1', 'B', '180512D', 'Student 19', 'IM1807', 'Yes', NULL, NULL, NULL),
(119, '1', 'Director List Year 1', 'B', '185760N', 'Student 20', 'IM1803', 'Yes', NULL, NULL, NULL),
(120, '1', 'Director List Year 1', 'B', '185500P', 'Student 21', 'IM1802', 'Yes', NULL, NULL, NULL),
(121, '1', 'Director List Year 1', 'B', '189675B', 'Student 22', 'IM1804', 'Yes', NULL, NULL, NULL),
(122, '1', 'Director List Year 1', 'B', '186425S', 'Student 23', 'IM1805', 'Yes', NULL, NULL, NULL),
(123, '1', 'Director List Year 1', 'B', '191750J', 'Student 24', 'IM1807', 'Yes', NULL, NULL, NULL),
(124, '1', 'Director List Year 1', 'B', '182592L', 'Student 25', 'IM1807', 'Yes', NULL, NULL, NULL),
(125, '1', 'Director List Year 1', 'B', '181845W', 'Student 26', 'IM1803', 'Yes', NULL, NULL, NULL),
(126, '1', 'Director List Year 1', 'B', '184663M', 'Student 27', 'IM1800', 'Yes', NULL, NULL, NULL),
(127, '2', 'Director List Year 2', 'A', '192548X', 'Student 28', 'IM1800', 'No', NULL, NULL, NULL),
(128, '2', 'Director List Year 2', 'A', '199893G', 'Student 29', 'IM1803', 'Yes', NULL, NULL, NULL),
(129, '2', 'Director List Year 2', 'A', '186609E', 'Student 30', 'IM1803', 'No', NULL, NULL, NULL),
(130, '2', 'Director List Year 2', 'A', '180914R', 'Student 31', 'IM1806', 'Yes', NULL, NULL, NULL),
(131, '2', 'Director List Year 2', 'A', '182760S', 'Student 32', 'IM1803', 'No', NULL, NULL, NULL),
(132, '2', 'Director List Year 2', 'A', '197810G', 'Student 33', 'IM1802', 'No', NULL, NULL, NULL),
(133, '2', 'Director List Year 2', 'A', '180474W', 'Student 34', 'IM1800', 'No', NULL, 'Top', NULL),
(134, '2', 'Director List Year 2', 'A', '199936U', 'Student 35', 'IM1806', 'No', NULL, NULL, NULL),
(135, '2', 'Director List Year 2', 'A', '184085A', 'Student 36', 'IM1803', 'Yes', NULL, NULL, NULL),
(136, '2', 'Director List Year 2', 'A', '199850J', 'Student 37', 'IM1806', 'No', NULL, NULL, NULL),
(137, '2', 'Director List Year 2', 'A', '193680O', 'Student 38', 'IM1806', 'Yes', NULL, NULL, NULL),
(138, '2', 'Director List Year 2', 'A', '184498C', 'Student 39', 'IM1805', 'Yes', NULL, NULL, NULL),
(139, '2', 'Director List Year 2', 'A', '184699A', 'Student 40', 'IM1803', 'Yes', NULL, NULL, NULL),
(140, '2', 'Director List Year 2', 'B', '193732D', 'Student 41', 'IM1803', 'Yes', NULL, NULL, NULL),
(141, '2', 'Director List Year 2', 'B', '197736F', 'Student 42', 'IM1805', 'No', NULL, NULL, NULL),
(142, '2', 'Director List Year 2', 'B', '198020Y', 'Student 43', 'IM1803', 'Yes', NULL, NULL, NULL),
(143, '2', 'Director List Year 2', 'B', '188340J', 'Student 44', 'IM1804', 'No', NULL, NULL, NULL),
(144, '2', 'Director List Year 2', 'B', '196776P', 'Student 45', 'IM1803', 'Yes', NULL, NULL, NULL),
(145, '2', 'Director List Year 2', 'B', '188636H', 'Student 46', 'IM1801', 'Yes', NULL, NULL, NULL),
(146, '2', 'Director List Year 2', 'B', '193866W', 'Student 47', 'IM1807', 'Yes', NULL, NULL, NULL),
(147, '2', 'Director List Year 2', 'B', '198413I', 'Student 48', 'IM1800', 'Yes', NULL, NULL, NULL),
(148, '2', 'Director List Year 2', 'B', '197297W', 'Student 49', 'IM1803', 'Yes', NULL, NULL, NULL),
(149, '2', 'Director List Year 2', 'B', '184673O', 'Student 50', 'IM1801', 'No', NULL, NULL, NULL),
(150, '2', 'Director List Year 2', 'B', '182979L', 'Student 51', 'IM1802', 'Yes', NULL, 'Top', NULL),
(151, '2', 'Director List Year 2', 'B', '190524C', 'Student 52', 'IM1802', 'No', NULL, NULL, NULL),
(152, '2', 'Director List Year 2', 'B', '196064M', 'Student 53', 'IM1807', 'No', NULL, NULL, NULL),
(153, '3', 'Director List Year 3', 'A', '193916B', 'Student 54', 'IM1806', 'No', NULL, NULL, NULL),
(154, '3', 'Director List Year 3', 'A', '192515Q', 'Student 55', 'IM1802', 'No', NULL, NULL, NULL),
(155, '3', 'Director List Year 3', 'A', '189844N', 'Student 56', 'IM1807', 'No', NULL, NULL, NULL),
(156, '3', 'Director List Year 3', 'A', '192005O', 'Student 57', 'IM1807', 'Yes', NULL, NULL, NULL),
(157, '3', 'Director List Year 3', 'A', '180602I', 'Student 58', 'IM1806', 'No', NULL, NULL, NULL),
(158, '3', 'Director List Year 3', 'A', '184564Q', 'Student 59', 'IM1804', 'No', NULL, NULL, NULL),
(159, '3', 'Director List Year 3', 'A', '190271E', 'Student 60', 'IM1805', 'No', NULL, NULL, NULL),
(160, '3', 'Director List Year 3', 'A', '190563K', 'Student 61', 'IM1801', 'Yes', NULL, NULL, NULL),
(161, '3', 'Director List Year 3', 'A', '180829P', 'Student 62', 'IM1807', 'No', NULL, NULL, NULL),
(162, '3', 'Director List Year 3', 'A', '185197P', 'Student 63', 'IM1804', 'No', NULL, NULL, NULL),
(163, '3', 'Director List Year 3', 'A', '194367Y', 'Student 64', 'IM1801', 'No', NULL, 'Top', NULL),
(164, '3', 'Director List Year 3', 'B', '196752E', 'Student 65', 'IM1807', 'No', NULL, NULL, NULL),
(165, '3', 'Director List Year 3', 'B', '194684O', 'Student 66', 'IM1806', 'No', NULL, NULL, NULL),
(166, '3', 'Director List Year 3', 'B', '190899D', 'Student 67', 'IM1800', 'No', NULL, NULL, NULL),
(167, '3', 'Director List Year 3', 'B', '189232H', 'Student 68', 'IM1806', 'Yes', NULL, NULL, NULL),
(168, '3', 'Director List Year 3', 'B', '181527Q', 'Student 69', 'IM1804', 'No', NULL, NULL, NULL),
(169, '3', 'Director List Year 3', 'B', '187648J', 'Student 70', 'IM1801', 'No', NULL, NULL, NULL),
(170, '3', 'Director List Year 3', 'B', '197040Z', 'Student 71', 'IM1805', 'Yes', NULL, NULL, NULL),
(171, '3', 'Director List Year 3', 'B', '197898K', 'Student 72', 'IM1807', 'No', NULL, NULL, NULL),
(172, '3', 'Director List Year 3', 'B', '186364V', 'Student 73', 'IM1806', 'No', NULL, NULL, NULL),
(173, '3', 'Director List Year 3', 'B', '182347H', 'Student 74', 'IM1806', 'No', NULL, NULL, NULL),
(174, '3', 'Director List Year 3', 'B', '194118N', 'Student 75', 'IM1805', 'No', NULL, NULL, NULL),
(175, '3', 'Director List Year 3', 'B', '186278V', 'Student 76', 'IM1805', 'Yes', NULL, NULL, NULL),
(176, '3', 'Director List Year 3', 'B', '191725R', 'Student 77', 'IM1803', 'Yes', NULL, 'Top', NULL),
(177, '3', 'Director List Year 3', 'B', '186709N', 'Student 78', 'IM1800', 'No', NULL, NULL, NULL),
(178, '3', 'Director List Year 3', 'B', '190678A', 'Student 79', 'IM1805', 'No', NULL, NULL, NULL),
(179, '4', 'Good Progress', 'C', '195370O', 'Student 80', 'IM1802', 'No', NULL, NULL, NULL),
(180, '4', 'Good Progress', 'C', '195212U', 'Student 81', 'IM1800', 'Yes', NULL, NULL, NULL),
(181, '4', 'Good Progress', 'C', '181469S', 'Student 82', 'IM1802', 'No', NULL, NULL, NULL),
(182, '4', 'Good Progress', 'C', '194502D', 'Student 83', 'IM1806', 'Yes', NULL, NULL, NULL),
(183, '4', 'Good Progress', 'C', '183042I', 'Student 84', 'IM1803', 'No', NULL, NULL, NULL),
(184, '4', 'Good Progress', 'C', '182473I', 'Student 85', 'IM1800', 'No', NULL, NULL, NULL),
(185, '4', 'Good Progress', 'C', '185458B', 'Student 86', 'IM1803', 'Yes', NULL, NULL, NULL),
(186, '4', 'Good Progress', 'C', '181430R', 'Student 87', 'IM1806', 'No', NULL, NULL, NULL),
(187, '4', 'Good Progress', 'C', '191271R', 'Student 88', 'IM1807', 'No', NULL, NULL, NULL),
(188, '4', 'Good Progress', 'C', '187022H', 'Student 89', 'IM1801', 'Yes', NULL, NULL, NULL),
(189, '4', 'Good Progress', 'C', '189927C', 'Student 90', 'IM1802', 'Yes', NULL, NULL, NULL),
(190, '4', 'Good Progress', 'C', '194319G', 'Student 91', 'IM1806', 'Yes', NULL, NULL, NULL),
(191, '4', 'Good Progress', 'C', '181425T', 'Student 92', 'IM1800', 'No', NULL, NULL, NULL),
(192, '4', 'Good Progress', 'C', '182312J', 'Student 93', 'IM1805', 'Yes', NULL, NULL, NULL),
(193, '4', 'Good Progress', 'C', '182036J', 'Student 94', 'IM1806', 'Yes', NULL, NULL, NULL),
(194, '4', 'Good Progress', 'C', '193383D', 'Student 95', 'IM1804', 'No', NULL, NULL, NULL),
(195, '4', 'Good Progress', 'C', '192044V', 'Student 96', 'IM1803', 'Yes', NULL, NULL, NULL),
(196, '4', 'Good Progress', 'C', '194595A', 'Student 97', 'IM1801', 'Yes', NULL, NULL, NULL),
(197, '4', 'Good Progress', 'C', '188820F', 'Student 98', 'IM1807', 'Yes', NULL, NULL, NULL),
(198, '4', 'Good Progress', 'C', '188880G', 'Student 99', 'IM1805', 'No', NULL, NULL, NULL),
(199, '1', 'Director List Year 1', 'A', '183837N', 'Student 1', 'IM1803', 'Yes', NULL, 'Top', NULL),
(200, '1', 'Director List Year 1', 'A', '185284Z', 'Student 2', 'IM1800', 'Yes', 'yes', NULL, NULL),
(201, '1', 'Director List Year 1', 'A', '181205D', 'Student 3', 'IM1805', 'Yes', 'yes', NULL, NULL),
(202, '1', 'Director List Year 1', 'A', '182950F', 'Student 4', 'IM1800', 'Yes', NULL, NULL, NULL),
(203, '1', 'Director List Year 1', 'A', '195412W', 'Student 5', 'IM1807', 'Yes', NULL, NULL, NULL),
(204, '1', 'Director List Year 1', 'A', '196992P', 'Student 6', 'IM1805', 'Yes', NULL, NULL, NULL),
(205, '1', 'Director List Year 1', 'A', '186123N', 'Student 7', 'IM1805', 'Yes', NULL, NULL, NULL),
(206, '1', 'Director List Year 1', 'A', '185063A', 'Student 8', 'IM1806', 'Yes', NULL, NULL, NULL),
(207, '1', 'Director List Year 1', 'A', '186811O', 'Student 9', 'IM1807', 'No', NULL, NULL, NULL),
(208, '1', 'Director List Year 1', 'A', '183295X', 'Student 10', 'IM1805', 'Yes', NULL, NULL, NULL),
(209, '1', 'Director List Year 1', 'A', '190237C', 'Student 11', 'IM1807', 'Yes', NULL, NULL, NULL),
(210, '1', 'Director List Year 1', 'A', '187569J', 'Student 12', 'IM1805', 'No', NULL, NULL, NULL),
(211, '1', 'Director List Year 1', 'A', '182225C', 'Student 13', 'IM1807', 'Yes', NULL, NULL, NULL),
(212, '1', 'Director List Year 1', 'A', '194101W', 'Student 14', 'IM1805', 'Yes', NULL, NULL, NULL),
(213, '1', 'Director List Year 1', 'A', '193212B', 'Student 15', 'IM1802', 'No', NULL, NULL, NULL),
(214, '1', 'Director List Year 1', 'A', '191007G', 'Student 16', 'IM1800', 'Yes', NULL, NULL, NULL),
(215, '1', 'Director List Year 1', 'A', '184560M', 'Student 17', 'IM1804', 'Yes', NULL, NULL, NULL),
(216, '1', 'Director List Year 1', 'B', '181508S', 'Student 18', 'IM1803', 'Yes', NULL, 'Top', NULL),
(217, '1', 'Director List Year 1', 'B', '180512D', 'Student 19', 'IM1807', 'Yes', NULL, NULL, NULL),
(218, '1', 'Director List Year 1', 'B', '185760N', 'Student 20', 'IM1803', 'Yes', NULL, NULL, NULL),
(219, '1', 'Director List Year 1', 'B', '185500P', 'Student 21', 'IM1802', 'Yes', NULL, NULL, NULL),
(220, '1', 'Director List Year 1', 'B', '189675B', 'Student 22', 'IM1804', 'Yes', NULL, NULL, NULL),
(221, '1', 'Director List Year 1', 'B', '186425S', 'Student 23', 'IM1805', 'Yes', NULL, NULL, NULL),
(222, '1', 'Director List Year 1', 'B', '191750J', 'Student 24', 'IM1807', 'Yes', NULL, NULL, NULL),
(223, '1', 'Director List Year 1', 'B', '182592L', 'Student 25', 'IM1807', 'Yes', NULL, NULL, NULL),
(224, '1', 'Director List Year 1', 'B', '181845W', 'Student 26', 'IM1803', 'Yes', NULL, NULL, NULL),
(225, '1', 'Director List Year 1', 'B', '184663M', 'Student 27', 'IM1800', 'Yes', NULL, NULL, NULL),
(226, '2', 'Director List Year 2', 'A', '192548X', 'Student 28', 'IM1800', 'No', NULL, NULL, NULL),
(227, '2', 'Director List Year 2', 'A', '199893G', 'Student 29', 'IM1803', 'Yes', NULL, NULL, NULL),
(228, '2', 'Director List Year 2', 'A', '186609E', 'Student 30', 'IM1803', 'No', NULL, NULL, NULL),
(229, '2', 'Director List Year 2', 'A', '180914R', 'Student 31', 'IM1806', 'Yes', NULL, NULL, NULL),
(230, '2', 'Director List Year 2', 'A', '182760S', 'Student 32', 'IM1803', 'No', NULL, NULL, NULL),
(231, '2', 'Director List Year 2', 'A', '197810G', 'Student 33', 'IM1802', 'No', NULL, NULL, NULL),
(232, '2', 'Director List Year 2', 'A', '180474W', 'Student 34', 'IM1800', 'No', NULL, 'Top', NULL),
(233, '2', 'Director List Year 2', 'A', '199936U', 'Student 35', 'IM1806', 'No', NULL, NULL, NULL),
(234, '2', 'Director List Year 2', 'A', '184085A', 'Student 36', 'IM1803', 'Yes', NULL, NULL, NULL),
(235, '2', 'Director List Year 2', 'A', '199850J', 'Student 37', 'IM1806', 'No', NULL, NULL, NULL),
(236, '2', 'Director List Year 2', 'A', '193680O', 'Student 38', 'IM1806', 'Yes', NULL, NULL, NULL),
(237, '2', 'Director List Year 2', 'A', '184498C', 'Student 39', 'IM1805', 'Yes', NULL, NULL, NULL),
(238, '2', 'Director List Year 2', 'A', '184699A', 'Student 40', 'IM1803', 'Yes', NULL, NULL, NULL),
(239, '2', 'Director List Year 2', 'B', '193732D', 'Student 41', 'IM1803', 'Yes', NULL, NULL, NULL),
(240, '2', 'Director List Year 2', 'B', '197736F', 'Student 42', 'IM1805', 'No', NULL, NULL, NULL),
(241, '2', 'Director List Year 2', 'B', '198020Y', 'Student 43', 'IM1803', 'Yes', NULL, NULL, NULL),
(242, '2', 'Director List Year 2', 'B', '188340J', 'Student 44', 'IM1804', 'No', NULL, NULL, NULL),
(243, '2', 'Director List Year 2', 'B', '196776P', 'Student 45', 'IM1803', 'Yes', NULL, NULL, NULL),
(244, '2', 'Director List Year 2', 'B', '188636H', 'Student 46', 'IM1801', 'Yes', NULL, NULL, NULL),
(245, '2', 'Director List Year 2', 'B', '193866W', 'Student 47', 'IM1807', 'Yes', NULL, NULL, NULL),
(246, '2', 'Director List Year 2', 'B', '198413I', 'Student 48', 'IM1800', 'Yes', NULL, NULL, NULL),
(247, '2', 'Director List Year 2', 'B', '197297W', 'Student 49', 'IM1803', 'Yes', NULL, NULL, NULL),
(248, '2', 'Director List Year 2', 'B', '184673O', 'Student 50', 'IM1801', 'No', NULL, NULL, NULL),
(249, '2', 'Director List Year 2', 'B', '182979L', 'Student 51', 'IM1802', 'Yes', NULL, 'Top', NULL),
(250, '2', 'Director List Year 2', 'B', '190524C', 'Student 52', 'IM1802', 'No', NULL, NULL, NULL),
(251, '2', 'Director List Year 2', 'B', '196064M', 'Student 53', 'IM1807', 'No', NULL, NULL, NULL),
(252, '3', 'Director List Year 3', 'A', '193916B', 'Student 54', 'IM1806', 'No', NULL, NULL, NULL),
(253, '3', 'Director List Year 3', 'A', '192515Q', 'Student 55', 'IM1802', 'No', NULL, NULL, NULL),
(254, '3', 'Director List Year 3', 'A', '189844N', 'Student 56', 'IM1807', 'No', NULL, NULL, NULL),
(255, '3', 'Director List Year 3', 'A', '192005O', 'Student 57', 'IM1807', 'Yes', NULL, NULL, NULL),
(256, '3', 'Director List Year 3', 'A', '180602I', 'Student 58', 'IM1806', 'No', NULL, NULL, NULL),
(257, '3', 'Director List Year 3', 'A', '184564Q', 'Student 59', 'IM1804', 'No', NULL, NULL, NULL),
(258, '3', 'Director List Year 3', 'A', '190271E', 'Student 60', 'IM1805', 'No', NULL, NULL, NULL),
(259, '3', 'Director List Year 3', 'A', '190563K', 'Student 61', 'IM1801', 'Yes', NULL, NULL, NULL),
(260, '3', 'Director List Year 3', 'A', '180829P', 'Student 62', 'IM1807', 'No', NULL, NULL, NULL),
(261, '3', 'Director List Year 3', 'A', '185197P', 'Student 63', 'IM1804', 'No', NULL, NULL, NULL),
(262, '3', 'Director List Year 3', 'A', '194367Y', 'Student 64', 'IM1801', 'No', NULL, 'Top', NULL),
(263, '3', 'Director List Year 3', 'B', '196752E', 'Student 65', 'IM1807', 'No', NULL, NULL, NULL),
(264, '3', 'Director List Year 3', 'B', '194684O', 'Student 66', 'IM1806', 'No', NULL, NULL, NULL),
(265, '3', 'Director List Year 3', 'B', '190899D', 'Student 67', 'IM1800', 'No', NULL, NULL, NULL),
(266, '3', 'Director List Year 3', 'B', '189232H', 'Student 68', 'IM1806', 'Yes', NULL, NULL, NULL),
(267, '3', 'Director List Year 3', 'B', '181527Q', 'Student 69', 'IM1804', 'No', NULL, NULL, NULL),
(268, '3', 'Director List Year 3', 'B', '187648J', 'Student 70', 'IM1801', 'No', NULL, NULL, NULL),
(269, '3', 'Director List Year 3', 'B', '197040Z', 'Student 71', 'IM1805', 'Yes', NULL, NULL, NULL),
(270, '3', 'Director List Year 3', 'B', '197898K', 'Student 72', 'IM1807', 'No', NULL, NULL, NULL),
(271, '3', 'Director List Year 3', 'B', '186364V', 'Student 73', 'IM1806', 'No', NULL, NULL, NULL),
(272, '3', 'Director List Year 3', 'B', '182347H', 'Student 74', 'IM1806', 'No', NULL, NULL, NULL),
(273, '3', 'Director List Year 3', 'B', '194118N', 'Student 75', 'IM1805', 'No', NULL, NULL, NULL),
(274, '3', 'Director List Year 3', 'B', '186278V', 'Student 76', 'IM1805', 'Yes', NULL, NULL, NULL),
(275, '3', 'Director List Year 3', 'B', '191725R', 'Student 77', 'IM1803', 'Yes', NULL, 'Top', NULL),
(276, '3', 'Director List Year 3', 'B', '186709N', 'Student 78', 'IM1800', 'No', NULL, NULL, NULL),
(277, '3', 'Director List Year 3', 'B', '190678A', 'Student 79', 'IM1805', 'No', NULL, NULL, NULL),
(278, '4', 'Good Progress', 'C', '195370O', 'Student 80', 'IM1802', 'No', NULL, NULL, NULL),
(279, '4', 'Good Progress', 'C', '195212U', 'Student 81', 'IM1800', 'Yes', NULL, NULL, NULL),
(280, '4', 'Good Progress', 'C', '181469S', 'Student 82', 'IM1802', 'No', NULL, NULL, NULL),
(281, '4', 'Good Progress', 'C', '194502D', 'Student 83', 'IM1806', 'Yes', NULL, NULL, NULL),
(282, '4', 'Good Progress', 'C', '183042I', 'Student 84', 'IM1803', 'No', NULL, NULL, NULL),
(283, '4', 'Good Progress', 'C', '182473I', 'Student 85', 'IM1800', 'No', NULL, NULL, NULL),
(284, '4', 'Good Progress', 'C', '185458B', 'Student 86', 'IM1803', 'Yes', NULL, NULL, NULL),
(285, '4', 'Good Progress', 'C', '181430R', 'Student 87', 'IM1806', 'No', NULL, NULL, NULL),
(286, '4', 'Good Progress', 'C', '191271R', 'Student 88', 'IM1807', 'No', NULL, NULL, NULL),
(287, '4', 'Good Progress', 'C', '187022H', 'Student 89', 'IM1801', 'Yes', NULL, NULL, NULL),
(288, '4', 'Good Progress', 'C', '189927C', 'Student 90', 'IM1802', 'Yes', NULL, NULL, NULL),
(289, '4', 'Good Progress', 'C', '194319G', 'Student 91', 'IM1806', 'Yes', NULL, NULL, NULL),
(290, '4', 'Good Progress', 'C', '181425T', 'Student 92', 'IM1800', 'No', NULL, NULL, NULL),
(291, '4', 'Good Progress', 'C', '182312J', 'Student 93', 'IM1805', 'Yes', NULL, NULL, NULL),
(292, '4', 'Good Progress', 'C', '182036J', 'Student 94', 'IM1806', 'Yes', NULL, NULL, NULL),
(293, '4', 'Good Progress', 'C', '193383D', 'Student 95', 'IM1804', 'No', NULL, NULL, NULL),
(294, '4', 'Good Progress', 'C', '192044V', 'Student 96', 'IM1803', 'Yes', NULL, NULL, NULL),
(295, '4', 'Good Progress', 'C', '194595A', 'Student 97', 'IM1801', 'Yes', NULL, NULL, NULL),
(296, '4', 'Good Progress', 'C', '188820F', 'Student 98', 'IM1807', 'Yes', NULL, NULL, NULL),
(297, '4', 'Good Progress', 'C', '188880G', 'Student 99', 'IM1805', 'No', NULL, NULL, NULL),
(298, '1', 'Director List Year 1', 'A', '183837N', 'Student 1', 'IM1803', 'Yes', NULL, 'Top', NULL),
(299, '1', 'Director List Year 1', 'A', '185284Z', 'Student 2', 'IM1800', 'Yes', 'yes', NULL, NULL),
(300, '1', 'Director List Year 1', 'A', '181205D', 'Student 3', 'IM1805', 'Yes', 'yes', NULL, NULL),
(301, '1', 'Director List Year 1', 'A', '182950F', 'Student 4', 'IM1800', 'Yes', NULL, NULL, NULL),
(302, '1', 'Director List Year 1', 'A', '195412W', 'Student 5', 'IM1807', 'Yes', NULL, NULL, NULL),
(303, '1', 'Director List Year 1', 'A', '196992P', 'Student 6', 'IM1805', 'Yes', NULL, NULL, NULL),
(304, '1', 'Director List Year 1', 'A', '186123N', 'Student 7', 'IM1805', 'Yes', NULL, NULL, NULL),
(305, '1', 'Director List Year 1', 'A', '185063A', 'Student 8', 'IM1806', 'Yes', NULL, NULL, NULL),
(306, '1', 'Director List Year 1', 'A', '186811O', 'Student 9', 'IM1807', 'No', NULL, NULL, NULL),
(307, '1', 'Director List Year 1', 'A', '183295X', 'Student 10', 'IM1805', 'Yes', NULL, NULL, NULL),
(308, '1', 'Director List Year 1', 'A', '190237C', 'Student 11', 'IM1807', 'Yes', NULL, NULL, NULL),
(309, '1', 'Director List Year 1', 'A', '187569J', 'Student 12', 'IM1805', 'No', NULL, NULL, NULL),
(310, '1', 'Director List Year 1', 'A', '182225C', 'Student 13', 'IM1807', 'Yes', NULL, NULL, NULL),
(311, '1', 'Director List Year 1', 'A', '194101W', 'Student 14', 'IM1805', 'Yes', NULL, NULL, NULL),
(312, '1', 'Director List Year 1', 'A', '193212B', 'Student 15', 'IM1802', 'No', NULL, NULL, NULL),
(313, '1', 'Director List Year 1', 'A', '191007G', 'Student 16', 'IM1800', 'Yes', NULL, NULL, NULL),
(314, '1', 'Director List Year 1', 'A', '184560M', 'Student 17', 'IM1804', 'Yes', NULL, NULL, NULL),
(315, '1', 'Director List Year 1', 'B', '181508S', 'Student 18', 'IM1803', 'Yes', NULL, 'Top', NULL),
(316, '1', 'Director List Year 1', 'B', '180512D', 'Student 19', 'IM1807', 'Yes', NULL, NULL, NULL),
(317, '1', 'Director List Year 1', 'B', '185760N', 'Student 20', 'IM1803', 'Yes', NULL, NULL, NULL),
(318, '1', 'Director List Year 1', 'B', '185500P', 'Student 21', 'IM1802', 'Yes', NULL, NULL, NULL),
(319, '1', 'Director List Year 1', 'B', '189675B', 'Student 22', 'IM1804', 'Yes', NULL, NULL, NULL),
(320, '1', 'Director List Year 1', 'B', '186425S', 'Student 23', 'IM1805', 'Yes', NULL, NULL, NULL),
(321, '1', 'Director List Year 1', 'B', '191750J', 'Student 24', 'IM1807', 'Yes', NULL, NULL, NULL),
(322, '1', 'Director List Year 1', 'B', '182592L', 'Student 25', 'IM1807', 'Yes', NULL, NULL, NULL),
(323, '1', 'Director List Year 1', 'B', '181845W', 'Student 26', 'IM1803', 'Yes', NULL, NULL, NULL),
(324, '1', 'Director List Year 1', 'B', '184663M', 'Student 27', 'IM1800', 'Yes', NULL, NULL, NULL),
(325, '2', 'Director List Year 2', 'A', '192548X', 'Student 28', 'IM1800', 'No', NULL, NULL, NULL),
(326, '2', 'Director List Year 2', 'A', '199893G', 'Student 29', 'IM1803', 'Yes', NULL, NULL, NULL),
(327, '2', 'Director List Year 2', 'A', '186609E', 'Student 30', 'IM1803', 'No', NULL, NULL, NULL),
(328, '2', 'Director List Year 2', 'A', '180914R', 'Student 31', 'IM1806', 'Yes', NULL, NULL, NULL),
(329, '2', 'Director List Year 2', 'A', '182760S', 'Student 32', 'IM1803', 'No', NULL, NULL, NULL),
(330, '2', 'Director List Year 2', 'A', '197810G', 'Student 33', 'IM1802', 'No', NULL, NULL, NULL),
(331, '2', 'Director List Year 2', 'A', '180474W', 'Student 34', 'IM1800', 'No', NULL, 'Top', NULL),
(332, '2', 'Director List Year 2', 'A', '199936U', 'Student 35', 'IM1806', 'No', NULL, NULL, NULL),
(333, '2', 'Director List Year 2', 'A', '184085A', 'Student 36', 'IM1803', 'Yes', NULL, NULL, NULL),
(334, '2', 'Director List Year 2', 'A', '199850J', 'Student 37', 'IM1806', 'No', NULL, NULL, NULL),
(335, '2', 'Director List Year 2', 'A', '193680O', 'Student 38', 'IM1806', 'Yes', NULL, NULL, NULL),
(336, '2', 'Director List Year 2', 'A', '184498C', 'Student 39', 'IM1805', 'Yes', NULL, NULL, NULL),
(337, '2', 'Director List Year 2', 'A', '184699A', 'Student 40', 'IM1803', 'Yes', NULL, NULL, NULL),
(338, '2', 'Director List Year 2', 'B', '193732D', 'Student 41', 'IM1803', 'Yes', NULL, NULL, NULL),
(339, '2', 'Director List Year 2', 'B', '197736F', 'Student 42', 'IM1805', 'No', NULL, NULL, NULL),
(340, '2', 'Director List Year 2', 'B', '198020Y', 'Student 43', 'IM1803', 'Yes', NULL, NULL, NULL),
(341, '2', 'Director List Year 2', 'B', '188340J', 'Student 44', 'IM1804', 'No', NULL, NULL, NULL),
(342, '2', 'Director List Year 2', 'B', '196776P', 'Student 45', 'IM1803', 'Yes', NULL, NULL, NULL),
(343, '2', 'Director List Year 2', 'B', '188636H', 'Student 46', 'IM1801', 'Yes', NULL, NULL, NULL),
(344, '2', 'Director List Year 2', 'B', '193866W', 'Student 47', 'IM1807', 'Yes', NULL, NULL, NULL),
(345, '2', 'Director List Year 2', 'B', '198413I', 'Student 48', 'IM1800', 'Yes', NULL, NULL, NULL),
(346, '2', 'Director List Year 2', 'B', '197297W', 'Student 49', 'IM1803', 'Yes', NULL, NULL, NULL),
(347, '2', 'Director List Year 2', 'B', '184673O', 'Student 50', 'IM1801', 'No', NULL, NULL, NULL),
(348, '2', 'Director List Year 2', 'B', '182979L', 'Student 51', 'IM1802', 'Yes', NULL, 'Top', NULL),
(349, '2', 'Director List Year 2', 'B', '190524C', 'Student 52', 'IM1802', 'No', NULL, NULL, NULL),
(350, '2', 'Director List Year 2', 'B', '196064M', 'Student 53', 'IM1807', 'No', NULL, NULL, NULL),
(351, '3', 'Director List Year 3', 'A', '193916B', 'Student 54', 'IM1806', 'No', NULL, NULL, NULL),
(352, '3', 'Director List Year 3', 'A', '192515Q', 'Student 55', 'IM1802', 'No', NULL, NULL, NULL),
(353, '3', 'Director List Year 3', 'A', '189844N', 'Student 56', 'IM1807', 'No', NULL, NULL, NULL),
(354, '3', 'Director List Year 3', 'A', '192005O', 'Student 57', 'IM1807', 'Yes', NULL, NULL, NULL),
(355, '3', 'Director List Year 3', 'A', '180602I', 'Student 58', 'IM1806', 'No', NULL, NULL, NULL),
(356, '3', 'Director List Year 3', 'A', '184564Q', 'Student 59', 'IM1804', 'No', NULL, NULL, NULL),
(357, '3', 'Director List Year 3', 'A', '190271E', 'Student 60', 'IM1805', 'No', NULL, NULL, NULL),
(358, '3', 'Director List Year 3', 'A', '190563K', 'Student 61', 'IM1801', 'Yes', NULL, NULL, NULL),
(359, '3', 'Director List Year 3', 'A', '180829P', 'Student 62', 'IM1807', 'No', NULL, NULL, NULL),
(360, '3', 'Director List Year 3', 'A', '185197P', 'Student 63', 'IM1804', 'No', NULL, NULL, NULL),
(361, '3', 'Director List Year 3', 'A', '194367Y', 'Student 64', 'IM1801', 'No', NULL, 'Top', NULL),
(362, '3', 'Director List Year 3', 'B', '196752E', 'Student 65', 'IM1807', 'No', NULL, NULL, NULL),
(363, '3', 'Director List Year 3', 'B', '194684O', 'Student 66', 'IM1806', 'No', NULL, NULL, NULL),
(364, '3', 'Director List Year 3', 'B', '190899D', 'Student 67', 'IM1800', 'No', NULL, NULL, NULL),
(365, '3', 'Director List Year 3', 'B', '189232H', 'Student 68', 'IM1806', 'Yes', NULL, NULL, NULL),
(366, '3', 'Director List Year 3', 'B', '181527Q', 'Student 69', 'IM1804', 'No', NULL, NULL, NULL),
(367, '3', 'Director List Year 3', 'B', '187648J', 'Student 70', 'IM1801', 'No', NULL, NULL, NULL),
(368, '3', 'Director List Year 3', 'B', '197040Z', 'Student 71', 'IM1805', 'Yes', NULL, NULL, NULL),
(369, '3', 'Director List Year 3', 'B', '197898K', 'Student 72', 'IM1807', 'No', NULL, NULL, NULL),
(370, '3', 'Director List Year 3', 'B', '186364V', 'Student 73', 'IM1806', 'No', NULL, NULL, NULL),
(371, '3', 'Director List Year 3', 'B', '182347H', 'Student 74', 'IM1806', 'No', NULL, NULL, NULL),
(372, '3', 'Director List Year 3', 'B', '194118N', 'Student 75', 'IM1805', 'No', NULL, NULL, NULL),
(373, '3', 'Director List Year 3', 'B', '186278V', 'Student 76', 'IM1805', 'Yes', NULL, NULL, NULL),
(374, '3', 'Director List Year 3', 'B', '191725R', 'Student 77', 'IM1803', 'Yes', NULL, 'Top', NULL),
(375, '3', 'Director List Year 3', 'B', '186709N', 'Student 78', 'IM1800', 'No', NULL, NULL, NULL),
(376, '3', 'Director List Year 3', 'B', '190678A', 'Student 79', 'IM1805', 'No', NULL, NULL, NULL),
(377, '4', 'Good Progress', 'C', '195370O', 'Student 80', 'IM1802', 'No', NULL, NULL, NULL),
(378, '4', 'Good Progress', 'C', '195212U', 'Student 81', 'IM1800', 'Yes', NULL, NULL, NULL),
(379, '4', 'Good Progress', 'C', '181469S', 'Student 82', 'IM1802', 'No', NULL, NULL, NULL),
(380, '4', 'Good Progress', 'C', '194502D', 'Student 83', 'IM1806', 'Yes', NULL, NULL, NULL),
(381, '4', 'Good Progress', 'C', '183042I', 'Student 84', 'IM1803', 'No', NULL, NULL, NULL),
(382, '4', 'Good Progress', 'C', '182473I', 'Student 85', 'IM1800', 'No', NULL, NULL, NULL),
(383, '4', 'Good Progress', 'C', '185458B', 'Student 86', 'IM1803', 'Yes', NULL, NULL, NULL),
(384, '4', 'Good Progress', 'C', '181430R', 'Student 87', 'IM1806', 'No', NULL, NULL, NULL),
(385, '4', 'Good Progress', 'C', '191271R', 'Student 88', 'IM1807', 'No', NULL, NULL, NULL),
(386, '4', 'Good Progress', 'C', '187022H', 'Student 89', 'IM1801', 'Yes', NULL, NULL, NULL),
(387, '4', 'Good Progress', 'C', '189927C', 'Student 90', 'IM1802', 'Yes', NULL, NULL, NULL),
(388, '4', 'Good Progress', 'C', '194319G', 'Student 91', 'IM1806', 'Yes', NULL, NULL, NULL),
(389, '4', 'Good Progress', 'C', '181425T', 'Student 92', 'IM1800', 'No', NULL, NULL, NULL),
(390, '4', 'Good Progress', 'C', '182312J', 'Student 93', 'IM1805', 'Yes', NULL, NULL, NULL),
(391, '4', 'Good Progress', 'C', '182036J', 'Student 94', 'IM1806', 'Yes', NULL, NULL, NULL),
(392, '4', 'Good Progress', 'C', '193383D', 'Student 95', 'IM1804', 'No', NULL, NULL, NULL),
(393, '4', 'Good Progress', 'C', '192044V', 'Student 96', 'IM1803', 'Yes', NULL, NULL, NULL),
(394, '4', 'Good Progress', 'C', '194595A', 'Student 97', 'IM1801', 'Yes', NULL, NULL, NULL),
(395, '4', 'Good Progress', 'C', '188820F', 'Student 98', 'IM1807', 'Yes', NULL, NULL, NULL),
(396, '4', 'Good Progress', 'C', '188880G', 'Student 99', 'IM1805', 'No', NULL, NULL, NULL),
(397, '1', 'Director List Year 1', 'A', '183837N', 'Student 1', 'IM1803', 'Attending', 'Yes', 'Top', 1),
(398, '1', 'Director List Year 1', 'A', '185284Z', 'Student 2', 'IM1800', 'Yes', 'yes', NULL, NULL),
(399, '1', 'Director List Year 1', 'A', '181205D', 'Student 3', 'IM1805', 'Yes', 'yes', NULL, NULL),
(400, '1', 'Director List Year 1', 'A', '182950F', 'Student 4', 'IM1800', 'Yes', NULL, NULL, NULL),
(401, '1', 'Director List Year 1', 'A', '195412W', 'Student 5', 'IM1807', 'Yes', NULL, NULL, NULL),
(402, '1', 'Director List Year 1', 'A', '196992P', 'Student 6', 'IM1805', 'Yes', NULL, NULL, NULL),
(403, '1', 'Director List Year 1', 'A', '186123N', 'Student 7', 'IM1805', 'Yes', NULL, NULL, NULL),
(404, '1', 'Director List Year 1', 'A', '185063A', 'Student 8', 'IM1806', 'Yes', NULL, NULL, NULL),
(405, '1', 'Director List Year 1', 'A', '186811O', 'Student 9', 'IM1807', 'No', NULL, NULL, NULL),
(406, '1', 'Director List Year 1', 'A', '183295X', 'Student 10', 'IM1805', 'Yes', NULL, NULL, NULL),
(407, '1', 'Director List Year 1', 'A', '190237C', 'Student 11', 'IM1807', 'Yes', NULL, NULL, NULL),
(408, '1', 'Director List Year 1', 'A', '187569J', 'Student 12', 'IM1805', 'No', NULL, NULL, NULL),
(409, '1', 'Director List Year 1', 'A', '182225C', 'Student 13', 'IM1807', 'Yes', NULL, NULL, NULL),
(410, '1', 'Director List Year 1', 'A', '194101W', 'Student 14', 'IM1805', 'Yes', NULL, NULL, NULL),
(411, '1', 'Director List Year 1', 'A', '193212B', 'Student 15', 'IM1802', 'No', NULL, NULL, NULL),
(412, '1', 'Director List Year 1', 'A', '191007G', 'Student 16', 'IM1800', 'Yes', NULL, NULL, NULL),
(413, '1', 'Director List Year 1', 'A', '184560M', 'Student 17', 'IM1804', 'Yes', NULL, NULL, NULL),
(414, '1', 'Director List Year 1', 'B', '181508S', 'Student 18', 'IM1803', 'Yes', NULL, 'Top', NULL),
(415, '1', 'Director List Year 1', 'B', '180512D', 'Student 19', 'IM1807', 'Yes', NULL, NULL, NULL),
(416, '1', 'Director List Year 1', 'B', '185760N', 'Student 20', 'IM1803', 'Yes', NULL, NULL, NULL),
(417, '1', 'Director List Year 1', 'B', '185500P', 'Student 21', 'IM1802', 'Yes', NULL, NULL, NULL),
(418, '1', 'Director List Year 1', 'B', '189675B', 'Student 22', 'IM1804', 'Yes', NULL, NULL, NULL),
(419, '1', 'Director List Year 1', 'B', '186425S', 'Student 23', 'IM1805', 'Yes', NULL, NULL, NULL),
(420, '1', 'Director List Year 1', 'B', '191750J', 'Student 24', 'IM1807', 'Yes', NULL, NULL, NULL),
(421, '1', 'Director List Year 1', 'B', '182592L', 'Student 25', 'IM1807', 'Yes', NULL, NULL, NULL),
(422, '1', 'Director List Year 1', 'B', '181845W', 'Student 26', 'IM1803', 'Yes', NULL, NULL, NULL),
(423, '1', 'Director List Year 1', 'B', '184663M', 'Student 27', 'IM1800', 'Yes', NULL, NULL, NULL),
(424, '2', 'Director List Year 2', 'A', '192548X', 'Student 28', 'IM1800', 'No', NULL, NULL, NULL),
(425, '2', 'Director List Year 2', 'A', '199893G', 'Student 29', 'IM1803', 'Yes', NULL, NULL, NULL),
(426, '2', 'Director List Year 2', 'A', '186609E', 'Student 30', 'IM1803', 'No', NULL, NULL, NULL),
(427, '2', 'Director List Year 2', 'A', '180914R', 'Student 31', 'IM1806', 'Yes', NULL, NULL, NULL),
(428, '2', 'Director List Year 2', 'A', '182760S', 'Student 32', 'IM1803', 'No', NULL, NULL, NULL),
(429, '2', 'Director List Year 2', 'A', '197810G', 'Student 33', 'IM1802', 'No', NULL, NULL, NULL),
(430, '2', 'Director List Year 2', 'A', '180474W', 'Student 34', 'IM1800', 'No', NULL, 'Top', NULL),
(431, '2', 'Director List Year 2', 'A', '199936U', 'Student 35', 'IM1806', 'No', NULL, NULL, NULL),
(432, '2', 'Director List Year 2', 'A', '184085A', 'Student 36', 'IM1803', 'Yes', NULL, NULL, NULL),
(433, '2', 'Director List Year 2', 'A', '199850J', 'Student 37', 'IM1806', 'No', NULL, NULL, NULL),
(434, '2', 'Director List Year 2', 'A', '193680O', 'Student 38', 'IM1806', 'Yes', NULL, NULL, NULL),
(435, '2', 'Director List Year 2', 'A', '184498C', 'Student 39', 'IM1805', 'Yes', NULL, NULL, NULL),
(436, '2', 'Director List Year 2', 'A', '184699A', 'Student 40', 'IM1803', 'Yes', NULL, NULL, NULL),
(437, '2', 'Director List Year 2', 'B', '193732D', 'Student 41', 'IM1803', 'Yes', NULL, NULL, NULL),
(438, '2', 'Director List Year 2', 'B', '197736F', 'Student 42', 'IM1805', 'No', NULL, NULL, NULL),
(439, '2', 'Director List Year 2', 'B', '198020Y', 'Student 43', 'IM1803', 'Yes', NULL, NULL, NULL),
(440, '2', 'Director List Year 2', 'B', '188340J', 'Student 44', 'IM1804', 'No', NULL, NULL, NULL),
(441, '2', 'Director List Year 2', 'B', '196776P', 'Student 45', 'IM1803', 'Yes', NULL, NULL, NULL),
(442, '2', 'Director List Year 2', 'B', '188636H', 'Student 46', 'IM1801', 'Yes', NULL, NULL, NULL),
(443, '2', 'Director List Year 2', 'B', '193866W', 'Student 47', 'IM1807', 'Yes', NULL, NULL, NULL),
(444, '2', 'Director List Year 2', 'B', '198413I', 'Student 48', 'IM1800', 'Yes', NULL, NULL, NULL),
(445, '2', 'Director List Year 2', 'B', '197297W', 'Student 49', 'IM1803', 'Yes', NULL, NULL, NULL),
(446, '2', 'Director List Year 2', 'B', '184673O', 'Student 50', 'IM1801', 'No', NULL, NULL, NULL),
(447, '2', 'Director List Year 2', 'B', '182979L', 'Student 51', 'IM1802', 'Yes', NULL, 'Top', NULL),
(448, '2', 'Director List Year 2', 'B', '190524C', 'Student 52', 'IM1802', 'No', NULL, NULL, NULL),
(449, '2', 'Director List Year 2', 'B', '196064M', 'Student 53', 'IM1807', 'No', NULL, NULL, NULL),
(450, '3', 'Director List Year 3', 'A', '193916B', 'Student 54', 'IM1806', 'No', NULL, NULL, NULL),
(451, '3', 'Director List Year 3', 'A', '192515Q', 'Student 55', 'IM1802', 'No', NULL, NULL, NULL),
(452, '3', 'Director List Year 3', 'A', '189844N', 'Student 56', 'IM1807', 'No', NULL, NULL, NULL),
(453, '3', 'Director List Year 3', 'A', '192005O', 'Student 57', 'IM1807', 'Yes', NULL, NULL, NULL),
(454, '3', 'Director List Year 3', 'A', '180602I', 'Student 58', 'IM1806', 'No', NULL, NULL, NULL),
(455, '3', 'Director List Year 3', 'A', '184564Q', 'Student 59', 'IM1804', 'No', NULL, NULL, NULL),
(456, '3', 'Director List Year 3', 'A', '190271E', 'Student 60', 'IM1805', 'No', NULL, NULL, NULL),
(457, '3', 'Director List Year 3', 'A', '190563K', 'Student 61', 'IM1801', 'Yes', NULL, NULL, NULL),
(458, '3', 'Director List Year 3', 'A', '180829P', 'Student 62', 'IM1807', 'No', NULL, NULL, NULL),
(459, '3', 'Director List Year 3', 'A', '185197P', 'Student 63', 'IM1804', 'No', NULL, NULL, NULL),
(460, '3', 'Director List Year 3', 'A', '194367Y', 'Student 64', 'IM1801', 'No', NULL, 'Top', NULL),
(461, '3', 'Director List Year 3', 'B', '196752E', 'Student 65', 'IM1807', 'No', NULL, NULL, NULL),
(462, '3', 'Director List Year 3', 'B', '194684O', 'Student 66', 'IM1806', 'No', NULL, NULL, NULL),
(463, '3', 'Director List Year 3', 'B', '190899D', 'Student 67', 'IM1800', 'No', NULL, NULL, NULL),
(464, '3', 'Director List Year 3', 'B', '189232H', 'Student 68', 'IM1806', 'Yes', NULL, NULL, NULL),
(465, '3', 'Director List Year 3', 'B', '181527Q', 'Student 69', 'IM1804', 'No', NULL, NULL, NULL),
(466, '3', 'Director List Year 3', 'B', '187648J', 'Student 70', 'IM1801', 'No', NULL, NULL, NULL),
(467, '3', 'Director List Year 3', 'B', '197040Z', 'Student 71', 'IM1805', 'Yes', NULL, NULL, NULL),
(468, '3', 'Director List Year 3', 'B', '197898K', 'Student 72', 'IM1807', 'No', NULL, NULL, NULL),
(469, '3', 'Director List Year 3', 'B', '186364V', 'Student 73', 'IM1806', 'No', NULL, NULL, NULL),
(470, '3', 'Director List Year 3', 'B', '182347H', 'Student 74', 'IM1806', 'No', NULL, NULL, NULL),
(471, '3', 'Director List Year 3', 'B', '194118N', 'Student 75', 'IM1805', 'No', NULL, NULL, NULL),
(472, '3', 'Director List Year 3', 'B', '186278V', 'Student 76', 'IM1805', 'Yes', NULL, NULL, NULL),
(473, '3', 'Director List Year 3', 'B', '191725R', 'Student 77', 'IM1803', 'Yes', NULL, 'Top', NULL),
(474, '3', 'Director List Year 3', 'B', '186709N', 'Student 78', 'IM1800', 'No', NULL, NULL, NULL),
(475, '3', 'Director List Year 3', 'B', '190678A', 'Student 79', 'IM1805', 'No', NULL, NULL, NULL),
(476, ' ', 'Good Progress', ' ', '195370O', 'Student 80', 'IM1802', 'No', NULL, NULL, NULL),
(477, ' ', 'Good Progress', ' ', '195212U', 'Student 81', 'IM1800', 'Yes', NULL, NULL, NULL),
(478, ' ', 'Good Progress', ' ', '181469S', 'Student 82', 'IM1802', 'No', NULL, NULL, NULL),
(479, ' ', 'Good Progress', ' ', '194502D', 'Student 83', 'IM1806', 'Yes', NULL, NULL, NULL),
(480, ' ', 'Good Progress', ' ', '183042I', 'Student 84', 'IM1803', 'No', NULL, NULL, NULL),
(481, ' ', 'Good Progress', ' ', '182473I', 'Student 85', 'IM1800', 'No', NULL, NULL, NULL),
(482, ' ', 'Good Progress', ' ', '185458B', 'Student 86', 'IM1803', 'Yes', NULL, NULL, NULL),
(483, ' ', 'Good Progress', ' ', '181430R', 'Student 87', 'IM1806', 'No', NULL, NULL, NULL),
(484, ' ', 'Good Progress', ' ', '191271R', 'Student 88', 'IM1807', 'No', NULL, NULL, NULL),
(485, ' ', 'Good Progress', ' ', '187022H', 'Student 89', 'IM1801', 'Yes', NULL, NULL, NULL),
(486, ' ', 'Good Progress', ' ', '189927C', 'Student 90', 'IM1802', 'Yes', NULL, NULL, NULL),
(487, ' ', 'Good Progress', ' ', '194319G', 'Student 91', 'IM1806', 'Yes', NULL, NULL, NULL),
(488, ' ', 'Good Progress', ' ', '181425T', 'Student 92', 'IM1800', 'No', NULL, NULL, NULL),
(489, ' ', 'Good Progress', ' ', '182312J', 'Student 93', 'IM1805', 'Yes', NULL, NULL, NULL),
(490, ' ', 'Good Progress', ' ', '182036J', 'Student 94', 'IM1806', 'Yes', NULL, NULL, NULL),
(491, ' ', 'Good Progress', ' ', '193383D', 'Student 95', 'IM1804', 'No', NULL, NULL, NULL),
(492, ' ', 'Good Progress', ' ', '192044V', 'Student 96', 'IM1803', 'Yes', NULL, NULL, NULL),
(493, ' ', 'Good Progress', ' ', '194595A', 'Student 97', 'IM1801', 'Yes', NULL, NULL, NULL),
(494, ' ', 'Good Progress', ' ', '188820F', 'Student 98', 'IM1807', 'Yes', NULL, NULL, NULL),
(495, ' ', 'Good Progress', ' ', '188880G', 'Student 99', 'IM1805', 'No', NULL, NULL, NULL),
(496, '1', 'Director List Year 1', 'A', '183837N', 'Student 1', 'IM1803', 'Yes', NULL, 'Top', 1),
(497, '1', 'Director List Year 1', 'A', '185284Z', 'Student 2', 'IM1800', 'Yes', 'yes', NULL, 1),
(498, '1', 'Director List Year 1', 'A', '181205D', 'Student 3', 'IM1805', 'Yes', 'yes', NULL, 1),
(499, '1', 'Director List Year 1', 'A', '182950F', 'Student 4', 'IM1800', 'Yes', NULL, NULL, 1),
(500, '1', 'Director List Year 1', 'A', '195412W', 'Student 5', 'IM1807', 'Yes', NULL, NULL, 1),
(501, '1', 'Director List Year 1', 'A', '196992P', 'Student 6', 'IM1805', 'Yes', NULL, NULL, 1),
(502, '1', 'Director List Year 1', 'A', '186123N', 'Student 7', 'IM1805', 'Yes', NULL, NULL, 1),
(503, '1', 'Director List Year 1', 'A', '185063A', 'Student 8', 'IM1806', 'Yes', NULL, NULL, 1),
(504, '1', 'Director List Year 1', 'A', '186811O', 'Student 9', 'IM1807', 'No', NULL, NULL, 1),
(505, '1', 'Director List Year 1', 'A', '183295X', 'Student 10', 'IM1805', 'Yes', NULL, NULL, 1),
(506, '1', 'Director List Year 1', 'A', '190237C', 'Student 11', 'IM1807', 'Yes', NULL, NULL, 1),
(507, '1', 'Director List Year 1', 'A', '187569J', 'Student 12', 'IM1805', 'No', NULL, NULL, 1),
(508, '1', 'Director List Year 1', 'A', '182225C', 'Student 13', 'IM1807', 'Yes', NULL, NULL, 1),
(509, '1', 'Director List Year 1', 'A', '194101W', 'Student 14', 'IM1805', 'Yes', NULL, NULL, 1),
(510, '1', 'Director List Year 1', 'A', '193212B', 'Student 15', 'IM1802', 'No', NULL, NULL, 1),
(511, '1', 'Director List Year 1', 'A', '191007G', 'Student 16', 'IM1800', 'Yes', NULL, NULL, 1),
(512, '1', 'Director List Year 1', 'A', '184560M', 'Student 17', 'IM1804', 'Yes', NULL, NULL, 1),
(513, '1', 'Director List Year 1', 'B', '181508S', 'Student 18', 'IM1803', 'Yes', NULL, 'Top', 1),
(514, '1', 'Director List Year 1', 'B', '180512D', 'Student 19', 'IM1807', 'Yes', NULL, NULL, 1);
INSERT INTO `students` (`id`, `Stage`, `Award`, `FlipFlop`, `AdmNo`, `FullName`, `TutGrp`, `Status`, `Attendance`, `Top`, `Event`) VALUES
(515, '1', 'Director List Year 1', 'B', '185760N', 'Student 20', 'IM1803', 'Yes', NULL, NULL, 1),
(516, '1', 'Director List Year 1', 'B', '185500P', 'Student 21', 'IM1802', 'Yes', NULL, NULL, 1),
(517, '1', 'Director List Year 1', 'B', '189675B', 'Student 22', 'IM1804', 'Yes', NULL, NULL, 1),
(518, '1', 'Director List Year 1', 'B', '186425S', 'Student 23', 'IM1805', 'Yes', NULL, NULL, 1),
(519, '1', 'Director List Year 1', 'B', '191750J', 'Student 24', 'IM1807', 'Yes', NULL, NULL, 1),
(520, '1', 'Director List Year 1', 'B', '182592L', 'Student 25', 'IM1807', 'No', 'No', NULL, 1),
(521, '1', 'Director List Year 1', 'B', '181845W', 'Student 26', 'IM1803', 'Yes', NULL, NULL, 1),
(522, '1', 'Director List Year 1', 'B', '184663M', 'Student 27', 'IM1800', 'Yes', NULL, NULL, 1),
(523, '2', 'Director List Year 2', 'A', '192548X', 'Student 28', 'IM1800', 'No', NULL, NULL, 1),
(524, '2', 'Director List Year 2', 'A', '199893G', 'Student 29', 'IM1803', 'Yes', NULL, NULL, 1),
(525, '2', 'Director List Year 2', 'A', '186609E', 'Student 30', 'IM1803', 'No', NULL, NULL, 1),
(526, '2', 'Director List Year 2', 'A', '180914R', 'Student 31', 'IM1806', 'Yes', NULL, NULL, 1),
(527, '2', 'Director List Year 2', 'A', '182760S', 'Student 32', 'IM1803', 'No', NULL, NULL, 1),
(528, '2', 'Director List Year 2', 'A', '197810G', 'Student 33', 'IM1802', 'No', NULL, NULL, 1),
(529, '2', 'Director List Year 2', 'A', '180474W', 'Student 34', 'IM1800', 'No', NULL, 'Top', 1),
(530, '2', 'Director List Year 2', 'A', '199936U', 'Student 35', 'IM1806', 'No', NULL, NULL, 1),
(531, '2', 'Director List Year 2', 'A', '184085A', 'Student 36', 'IM1803', 'Yes', NULL, NULL, 1),
(532, '2', 'Director List Year 2', 'A', '199850J', 'Student 37', 'IM1806', 'No', NULL, NULL, 1),
(533, '2', 'Director List Year 2', 'A', '193680O', 'Student 38', 'IM1806', 'Yes', NULL, NULL, 1),
(534, '2', 'Director List Year 2', 'A', '184498C', 'Student 39', 'IM1805', 'Yes', NULL, NULL, 1),
(535, '2', 'Director List Year 2', 'A', '184699A', 'Student 40', 'IM1803', 'Yes', NULL, NULL, 1),
(536, '2', 'Director List Year 2', 'B', '193732D', 'Student 41', 'IM1803', 'Yes', NULL, NULL, 1),
(537, '2', 'Director List Year 2', 'B', '197736F', 'Student 42', 'IM1805', 'No', NULL, NULL, 1),
(538, '2', 'Director List Year 2', 'B', '198020Y', 'Student 43', 'IM1803', 'Yes', NULL, NULL, 1),
(539, '2', 'Director List Year 2', 'B', '188340J', 'Student 44', 'IM1804', 'No', NULL, NULL, 1),
(540, '2', 'Director List Year 2', 'B', '196776P', 'Student 45', 'IM1803', 'Yes', NULL, NULL, 1),
(541, '2', 'Director List Year 2', 'B', '188636H', 'Student 46', 'IM1801', 'Yes', NULL, NULL, 1),
(542, '2', 'Director List Year 2', 'B', '193866W', 'Student 47', 'IM1807', 'Yes', NULL, NULL, 1),
(543, '2', 'Director List Year 2', 'B', '198413I', 'Student 48', 'IM1800', 'Yes', NULL, NULL, 1),
(544, '2', 'Director List Year 2', 'B', '197297W', 'Student 49', 'IM1803', 'Yes', NULL, NULL, 1),
(545, '2', 'Director List Year 2', 'B', '184673O', 'Student 50', 'IM1801', 'No', NULL, NULL, 1),
(546, '2', 'Director List Year 2', 'B', '182979L', 'Student 51', 'IM1802', 'Yes', NULL, 'Top', 1),
(547, '2', 'Director List Year 2', 'B', '190524C', 'Student 52', 'IM1802', 'No', NULL, NULL, 1),
(548, '2', 'Director List Year 2', 'B', '196064M', 'Student 53', 'IM1807', 'No', NULL, NULL, 1),
(549, '3', 'Director List Year 3', 'A', '193916B', 'Student 54', 'IM1806', 'No', NULL, NULL, 1),
(550, '3', 'Director List Year 3', 'A', '192515Q', 'Student 55', 'IM1802', 'No', NULL, NULL, 1),
(551, '3', 'Director List Year 3', 'A', '189844N', 'Student 56', 'IM1807', 'No', NULL, NULL, 1),
(552, '3', 'Director List Year 3', 'A', '192005O', 'Student 57', 'IM1807', 'Yes', NULL, NULL, 1),
(553, '3', 'Director List Year 3', 'A', '180602I', 'Student 58', 'IM1806', 'No', NULL, NULL, 1),
(554, '3', 'Director List Year 3', 'A', '184564Q', 'Student 59', 'IM1804', 'No', NULL, NULL, 1),
(555, '3', 'Director List Year 3', 'A', '190271E', 'Student 60', 'IM1805', 'No', NULL, NULL, 1),
(556, '3', 'Director List Year 3', 'A', '190563K', 'Student 61', 'IM1801', 'Yes', NULL, NULL, 1),
(557, '3', 'Director List Year 3', 'A', '180829P', 'Student 62', 'IM1807', 'No', NULL, NULL, 1),
(558, '3', 'Director List Year 3', 'A', '185197P', 'Student 63', 'IM1804', 'No', NULL, NULL, 1),
(559, '3', 'Director List Year 3', 'A', '194367Y', 'Student 64', 'IM1801', 'No', NULL, 'Top', 1),
(560, '3', 'Director List Year 3', 'B', '196752E', 'Student 65', 'IM1807', 'No', NULL, NULL, 1),
(561, '3', 'Director List Year 3', 'B', '194684O', 'Student 66', 'IM1806', 'No', NULL, NULL, 1),
(562, '3', 'Director List Year 3', 'B', '190899D', 'Student 67', 'IM1800', 'No', NULL, NULL, 1),
(563, '3', 'Director List Year 3', 'B', '189232H', 'Student 68', 'IM1806', 'Yes', NULL, NULL, 1),
(564, '3', 'Director List Year 3', 'B', '181527Q', 'Student 69', 'IM1804', 'No', NULL, NULL, 1),
(565, '3', 'Director List Year 3', 'B', '187648J', 'Student 70', 'IM1801', 'No', NULL, NULL, 1),
(566, '3', 'Director List Year 3', 'B', '197040Z', 'Student 71', 'IM1805', 'Yes', NULL, NULL, 1),
(567, '3', 'Director List Year 3', 'B', '197898K', 'Student 72', 'IM1807', 'No', NULL, NULL, 1),
(568, '3', 'Director List Year 3', 'B', '186364V', 'Student 73', 'IM1806', 'No', NULL, NULL, 1),
(569, '3', 'Director List Year 3', 'B', '182347H', 'Student 74', 'IM1806', 'No', NULL, NULL, 1),
(570, '3', 'Director List Year 3', 'B', '194118N', 'Student 75', 'IM1805', 'No', NULL, NULL, 1),
(571, '3', 'Director List Year 3', 'B', '186278V', 'Student 76', 'IM1805', 'Yes', NULL, NULL, 1),
(572, '3', 'Director List Year 3', 'B', '191725R', 'Student 77', 'IM1803', 'Yes', NULL, 'Top', 1),
(573, '3', 'Director List Year 3', 'B', '186709N', 'Student 78', 'IM1800', 'No', NULL, NULL, 1),
(574, '3', 'Director List Year 3', 'B', '190678A', 'Student 79', 'IM1805', 'No', NULL, NULL, 1),
(575, ' ', 'Good Progress', ' ', '195370O', 'Student 80', 'IM1802', 'No', NULL, NULL, 1),
(576, ' ', 'Good Progress', ' ', '195212U', 'Student 81', 'IM1800', 'Yes', NULL, NULL, 1),
(577, ' ', 'Good Progress', ' ', '181469S', 'Student 82', 'IM1802', 'No', NULL, NULL, 1),
(578, ' ', 'Good Progress', ' ', '194502D', 'Student 83', 'IM1806', 'Yes', NULL, NULL, 1),
(579, ' ', 'Good Progress', ' ', '183042I', 'Student 84', 'IM1803', 'No', NULL, NULL, 1),
(580, ' ', 'Good Progress', ' ', '182473I', 'Student 85', 'IM1800', 'No', NULL, NULL, 1),
(581, ' ', 'Good Progress', ' ', '185458B', 'Student 86', 'IM1803', 'Yes', NULL, NULL, 1),
(582, ' ', 'Good Progress', ' ', '181430R', 'Student 87', 'IM1806', 'No', NULL, NULL, 1),
(583, ' ', 'Good Progress', ' ', '191271R', 'Student 88', 'IM1807', 'No', NULL, NULL, 1),
(584, ' ', 'Good Progress', ' ', '187022H', 'Student 89', 'IM1801', 'Yes', NULL, NULL, 1),
(585, ' ', 'Good Progress', ' ', '189927C', 'Student 90', 'IM1802', 'Yes', NULL, NULL, 1),
(586, ' ', 'Good Progress', ' ', '194319G', 'Student 91', 'IM1806', 'Yes', NULL, NULL, 1),
(587, ' ', 'Good Progress', ' ', '181425T', 'Student 92', 'IM1800', 'No', NULL, NULL, 1),
(588, ' ', 'Good Progress', ' ', '182312J', 'Student 93', 'IM1805', 'Yes', NULL, NULL, 1),
(589, ' ', 'Good Progress', ' ', '182036J', 'Student 94', 'IM1806', 'Yes', NULL, NULL, 1),
(590, ' ', 'Good Progress', ' ', '193383D', 'Student 95', 'IM1804', 'No', NULL, NULL, 1),
(591, ' ', 'Good Progress', ' ', '192044V', 'Student 96', 'IM1803', 'Yes', NULL, NULL, 1),
(592, ' ', 'Good Progress', ' ', '194595A', 'Student 97', 'IM1801', 'Yes', NULL, NULL, 1),
(593, ' ', 'Good Progress', ' ', '188820F', 'Student 98', 'IM1807', 'Yes', NULL, NULL, 1),
(594, ' ', 'Good Progress', ' ', '188880G', 'Student 99', 'IM1805', 'No', NULL, NULL, 1),
(595, '1', 'Director List Year 1', 'A', '183837N', 'Student 1', 'IM1803', 'Yes', NULL, 'Top', 1),
(596, '1', 'Director List Year 1', 'A', '185284Z', 'D/O', 'IM1800', 'Yes', 'yes', NULL, 1),
(597, '1', 'Director List Year 1', 'A', '181205D', 'A\'B', 'IM1805', 'Yes', 'yes', NULL, 1),
(598, '1', 'Director List Year 1', 'A', '182950F', 'C-D', 'IM1800', 'Yes', NULL, NULL, 1),
(599, '1', 'Director List Year 1', 'A', '195412W', 'Student 5', 'IM1807', 'Yes', NULL, NULL, 1),
(600, '1', 'Director List Year 1', 'A', '196992P', 'Student 6', 'IM1805', 'Yes', NULL, NULL, 1),
(601, '1', 'Director List Year 1', 'A', '186123N', 'Student 7', 'IM1805', 'Yes', NULL, NULL, 1),
(602, '1', 'Director List Year 1', 'A', '185063A', 'Student 8', 'IM1806', 'Yes', NULL, NULL, 1),
(603, '1', 'Director List Year 1', 'A', '186811O', 'Student 9', 'IM1807', 'No', NULL, NULL, 1),
(604, '1', 'Director List Year 1', 'A', '183295X', 'Student 10', 'IM1805', 'Yes', NULL, NULL, 1),
(605, '1', 'Director List Year 1', 'A', '190237C', 'Student 11', 'IM1807', 'Yes', NULL, NULL, 1),
(606, '1', 'Director List Year 1', 'A', '187569J', 'Student 12', 'IM1805', 'No', NULL, NULL, 1),
(607, '1', 'Director List Year 1', 'A', '182225C', 'Student 13', 'IM1807', 'Yes', NULL, NULL, 1),
(608, '1', 'Director List Year 1', 'A', '194101W', 'Student 14', 'IM1805', 'Yes', NULL, NULL, 1),
(609, '1', 'Director List Year 1', 'A', '193212B', 'Student 15', 'IM1802', 'No', NULL, NULL, 1),
(610, '1', 'Director List Year 1', 'A', '191007G', 'Student 16', 'IM1800', 'Yes', NULL, NULL, 1),
(611, '1', 'Director List Year 1', 'A', '184560M', 'Student 17', 'IM1804', 'Yes', NULL, NULL, 1),
(612, '1', 'Director List Year 1', 'B', '181508S', 'Student 18', 'IM1803', 'Yes', NULL, 'Top', 1),
(613, '1', 'Director List Year 1', 'B', '180512D', 'Student 19', 'IM1807', 'Yes', NULL, NULL, 1),
(614, '1', 'Director List Year 1', 'B', '185760N', 'Student 20', 'IM1803', 'Yes', NULL, NULL, 1),
(615, '1', 'Director List Year 1', 'B', '185500P', 'Student 21', 'IM1802', 'Yes', NULL, NULL, 1),
(616, '1', 'Director List Year 1', 'B', '189675B', 'Student 22', 'IM1804', 'Yes', NULL, NULL, 1),
(617, '1', 'Director List Year 1', 'B', '186425S', 'Student 23', 'IM1805', 'Yes', NULL, NULL, 1),
(618, '1', 'Director List Year 1', 'B', '191750J', 'Student 24', 'IM1807', 'Yes', NULL, NULL, 1),
(619, '1', 'Director List Year 1', 'B', '182592L', 'Student 25', 'IM1807', 'Yes', NULL, NULL, 1),
(620, '1', 'Director List Year 1', 'B', '181845W', 'Student 26', 'IM1803', 'Yes', NULL, NULL, 1),
(621, '1', 'Director List Year 1', 'B', '184663M', 'Student 27', 'IM1800', 'Yes', NULL, NULL, 1),
(622, '2', 'Director List Year 2', 'A', '192548X', 'Student 28', 'IM1800', 'No', NULL, NULL, 1),
(623, '2', 'Director List Year 2', 'A', '199893G', 'Student 29', 'IM1803', 'Yes', NULL, NULL, 1),
(624, '2', 'Director List Year 2', 'A', '186609E', 'Student 30', 'IM1803', 'No', NULL, NULL, 1),
(625, '2', 'Director List Year 2', 'A', '180914R', 'Student 31', 'IM1806', 'Yes', NULL, NULL, 1),
(626, '2', 'Director List Year 2', 'A', '182760S', 'Student 32', 'IM1803', 'No', NULL, NULL, 1),
(627, '2', 'Director List Year 2', 'A', '197810G', 'Student 33', 'IM1802', 'No', NULL, NULL, 1),
(628, '2', 'Director List Year 2', 'A', '180474W', 'Student 34', 'IM1800', 'No', NULL, 'Top', 1),
(629, '2', 'Director List Year 2', 'A', '199936U', 'Student 35', 'IM1806', 'No', NULL, NULL, 1),
(630, '2', 'Director List Year 2', 'A', '184085A', 'Student 36', 'IM1803', 'Yes', NULL, NULL, 1),
(631, '2', 'Director List Year 2', 'A', '199850J', 'Student 37', 'IM1806', 'No', NULL, NULL, 1),
(632, '2', 'Director List Year 2', 'A', '193680O', 'Student 38', 'IM1806', 'Yes', NULL, NULL, 1),
(633, '2', 'Director List Year 2', 'A', '184498C', 'Student 39', 'IM1805', 'Yes', NULL, NULL, 1),
(634, '2', 'Director List Year 2', 'A', '184699A', 'Student 40', 'IM1803', 'Yes', NULL, NULL, 1),
(635, '2', 'Director List Year 2', 'B', '193732D', 'Student 41', 'IM1803', 'Yes', NULL, NULL, 1),
(636, '2', 'Director List Year 2', 'B', '197736F', 'Student 42', 'IM1805', 'No', NULL, NULL, 1),
(637, '2', 'Director List Year 2', 'B', '198020Y', 'Student 43', 'IM1803', 'Yes', NULL, NULL, 1),
(638, '2', 'Director List Year 2', 'B', '188340J', 'Student 44', 'IM1804', 'No', NULL, NULL, 1),
(639, '2', 'Director List Year 2', 'B', '196776P', 'Student 45', 'IM1803', 'Yes', NULL, NULL, 1),
(640, '2', 'Director List Year 2', 'B', '188636H', 'Student 46', 'IM1801', 'Yes', NULL, NULL, 1),
(641, '2', 'Director List Year 2', 'B', '193866W', 'Student 47', 'IM1807', 'Yes', NULL, NULL, 1),
(642, '2', 'Director List Year 2', 'B', '198413I', 'Student 48', 'IM1800', 'Yes', NULL, NULL, 1),
(643, '2', 'Director List Year 2', 'B', '197297W', 'Student 49', 'IM1803', 'Yes', NULL, NULL, 1),
(644, '2', 'Director List Year 2', 'B', '184673O', 'Student 50', 'IM1801', 'No', NULL, NULL, 1),
(645, '2', 'Director List Year 2', 'B', '182979L', 'Student 51', 'IM1802', 'Yes', NULL, 'Top', 1),
(646, '2', 'Director List Year 2', 'B', '190524C', 'Student 52', 'IM1802', 'No', NULL, NULL, 1),
(647, '2', 'Director List Year 2', 'B', '196064M', 'Student 53', 'IM1807', 'No', NULL, NULL, 1),
(648, '3', 'Director List Year 3', 'A', '193916B', 'Student 54', 'IM1806', 'No', NULL, NULL, 1),
(649, '3', 'Director List Year 3', 'A', '192515Q', 'Student 55', 'IM1802', 'No', NULL, NULL, 1),
(650, '3', 'Director List Year 3', 'A', '189844N', 'Student 56', 'IM1807', 'No', NULL, NULL, 1),
(651, '3', 'Director List Year 3', 'A', '192005O', 'Student 57', 'IM1807', 'Yes', NULL, NULL, 1),
(652, '3', 'Director List Year 3', 'A', '180602I', 'Student 58', 'IM1806', 'No', NULL, NULL, 1),
(653, '3', 'Director List Year 3', 'A', '184564Q', 'Student 59', 'IM1804', 'No', NULL, NULL, 1),
(654, '3', 'Director List Year 3', 'A', '190271E', 'Student 60', 'IM1805', 'No', NULL, NULL, 1),
(655, '3', 'Director List Year 3', 'A', '190563K', 'Student 61', 'IM1801', 'Yes', NULL, NULL, 1),
(656, '3', 'Director List Year 3', 'A', '180829P', 'Student 62', 'IM1807', 'No', NULL, NULL, 1),
(657, '3', 'Director List Year 3', 'A', '185197P', 'Student 63', 'IM1804', 'No', NULL, NULL, 1),
(658, '3', 'Director List Year 3', 'A', '194367Y', 'Student 64', 'IM1801', 'No', NULL, 'Top', 1),
(659, '3', 'Director List Year 3', 'B', '196752E', 'Student 65', 'IM1807', 'No', NULL, NULL, 1),
(660, '3', 'Director List Year 3', 'B', '194684O', 'Student 66', 'IM1806', 'No', NULL, NULL, 1),
(661, '3', 'Director List Year 3', 'B', '190899D', 'Student 67', 'IM1800', 'No', NULL, NULL, 1),
(662, '3', 'Director List Year 3', 'B', '189232H', 'Student 68', 'IM1806', 'Yes', NULL, NULL, 1),
(663, '3', 'Director List Year 3', 'B', '181527Q', 'Student 69', 'IM1804', 'No', NULL, NULL, 1),
(664, '3', 'Director List Year 3', 'B', '187648J', 'Student 70', 'IM1801', 'No', NULL, NULL, 1),
(665, '3', 'Director List Year 3', 'B', '197040Z', 'Student 71', 'IM1805', 'Yes', NULL, NULL, 1),
(666, '3', 'Director List Year 3', 'B', '197898K', 'Student 72', 'IM1807', 'No', NULL, NULL, 1),
(667, '3', 'Director List Year 3', 'B', '186364V', 'Student 73', 'IM1806', 'No', NULL, NULL, 1),
(668, '3', 'Director List Year 3', 'B', '182347H', 'Student 74', 'IM1806', 'No', NULL, NULL, 1),
(669, '3', 'Director List Year 3', 'B', '194118N', 'Student 75', 'IM1805', 'No', NULL, NULL, 1),
(670, '3', 'Director List Year 3', 'B', '186278V', 'Student 76', 'IM1805', 'Yes', NULL, NULL, 1),
(671, '3', 'Director List Year 3', 'B', '191725R', 'Student 77', 'IM1803', 'Yes', NULL, 'Top', 1),
(672, '3', 'Director List Year 3', 'B', '186709N', 'Student 78', 'IM1800', 'No', NULL, NULL, 1),
(673, '3', 'Director List Year 3', 'B', '190678A', 'Student 79', 'IM1805', 'No', NULL, NULL, 1),
(674, ' ', 'Good Progress', ' ', '195370O', 'Student 80', 'IM1802', 'No', NULL, NULL, 1),
(675, ' ', 'Good Progress', ' ', '195212U', 'Student 81', 'IM1800', 'Yes', NULL, NULL, 1),
(676, ' ', 'Good Progress', ' ', '181469S', 'Student 82', 'IM1802', 'No', NULL, NULL, 1),
(677, ' ', 'Good Progress', ' ', '194502D', 'Student 83', 'IM1806', 'Yes', NULL, NULL, 1),
(678, ' ', 'Good Progress', ' ', '183042I', 'Student 84', 'IM1803', 'No', NULL, NULL, 1),
(679, ' ', 'Good Progress', ' ', '182473I', 'Student 85', 'IM1800', 'No', NULL, NULL, 1),
(680, ' ', 'Good Progress', ' ', '185458B', 'Student 86', 'IM1803', 'Yes', NULL, NULL, 1),
(681, ' ', 'Good Progress', ' ', '181430R', 'Student 87', 'IM1806', 'No', NULL, NULL, 1),
(682, ' ', 'Good Progress', ' ', '191271R', 'Student 88', 'IM1807', 'No', NULL, NULL, 1),
(683, ' ', 'Good Progress', ' ', '187022H', 'Student 89', 'IM1801', 'Yes', NULL, NULL, 1),
(684, ' ', 'Good Progress', ' ', '189927C', 'Student 90', 'IM1802', 'Yes', NULL, NULL, 1),
(685, ' ', 'Good Progress', ' ', '194319G', 'Student 91', 'IM1806', 'Yes', NULL, NULL, 1),
(686, ' ', 'Good Progress', ' ', '181425T', 'Student 92', 'IM1800', 'No', NULL, NULL, 1),
(687, ' ', 'Good Progress', ' ', '182312J', 'Student 93', 'IM1805', 'Yes', NULL, NULL, 1),
(688, ' ', 'Good Progress', ' ', '182036J', 'Student 94', 'IM1806', 'Yes', NULL, NULL, 1),
(689, ' ', 'Good Progress', ' ', '193383D', 'Student 95', 'IM1804', 'No', NULL, NULL, 1),
(690, ' ', 'Good Progress', ' ', '192044V', 'Student 96', 'IM1803', 'Yes', NULL, NULL, 1),
(691, ' ', 'Good Progress', ' ', '194595A', 'Student 97', 'IM1801', 'Yes', NULL, NULL, 1),
(692, ' ', 'Good Progress', ' ', '188820F', 'Student 98', 'IM1807', 'Yes', NULL, NULL, 1),
(693, ' ', 'Good Progress', ' ', '188880G', 'Student 99', 'IM1805', 'No', NULL, NULL, 1),
(694, '1', 'Director List Year 1', 'A', '183837N', 'Student 1', 'IM1803', 'Yes', NULL, 'Top', 2),
(695, '1', 'Director List Year 1', 'A', '185284Z', 'Student 2', 'IM1800', 'Yes', 'yes', NULL, 2),
(696, '1', 'Director List Year 1', 'A', '181205D', 'Student 3', 'IM1805', 'Yes', 'yes', NULL, 2),
(697, '1', 'Director List Year 1', 'A', '182950F', 'Student 4', 'IM1800', 'Yes', NULL, NULL, 2),
(698, '1', 'Director List Year 1', 'A', '195412W', 'Student 5', 'IM1807', 'Yes', NULL, NULL, 2),
(699, '1', 'Director List Year 1', 'A', '196992P', 'Student 6', 'IM1805', 'Yes', NULL, NULL, 2),
(700, '1', 'Director List Year 1', 'A', '186123N', 'Student 7', 'IM1805', 'Yes', NULL, NULL, 2),
(701, '1', 'Director List Year 1', 'A', '185063A', 'Student 8', 'IM1806', 'Yes', NULL, NULL, 2),
(702, '1', 'Director List Year 1', 'A', '186811O', 'Student 9', 'IM1807', 'No', NULL, NULL, 2),
(703, '1', 'Director List Year 1', 'A', '183295X', 'Student 10', 'IM1805', 'Yes', NULL, NULL, 2),
(704, '1', 'Director List Year 1', 'A', '190237C', 'Student 11', 'IM1807', 'Yes', NULL, NULL, 2),
(705, '1', 'Director List Year 1', 'A', '187569J', 'Student 12', 'IM1805', 'No', NULL, NULL, 2),
(706, '1', 'Director List Year 1', 'A', '182225C', 'Student 13', 'IM1807', 'Yes', NULL, NULL, 2),
(707, '1', 'Director List Year 1', 'A', '194101W', 'Student 14', 'IM1805', 'Yes', NULL, NULL, 2),
(708, '1', 'Director List Year 1', 'A', '193212B', 'Student 15', 'IM1802', 'No', NULL, NULL, 2),
(709, '1', 'Director List Year 1', 'A', '191007G', 'Student 16', 'IM1800', 'Yes', NULL, NULL, 2),
(710, '1', 'Director List Year 1', 'A', '184560M', 'Student 17', 'IM1804', 'Yes', NULL, NULL, 2),
(711, '1', 'Director List Year 1', 'B', '181508S', 'Student 18', 'IM1803', 'Yes', NULL, 'Top', 2),
(712, '1', 'Director List Year 1', 'B', '180512D', 'Student 19', 'IM1807', 'Yes', NULL, NULL, 2),
(713, '1', 'Director List Year 1', 'B', '185760N', 'Student 20', 'IM1803', 'Yes', NULL, NULL, 2),
(714, '1', 'Director List Year 1', 'B', '185500P', 'Student 21', 'IM1802', 'Yes', NULL, NULL, 2),
(715, '1', 'Director List Year 1', 'B', '189675B', 'Student 22', 'IM1804', 'Yes', NULL, NULL, 2),
(716, '1', 'Director List Year 1', 'B', '186425S', 'Student 23', 'IM1805', 'Yes', NULL, NULL, 2),
(717, '1', 'Director List Year 1', 'B', '191750J', 'Student 24', 'IM1807', 'Yes', NULL, NULL, 2),
(718, '1', 'Director List Year 1', 'B', '182592L', 'Student 25', 'IM1807', 'Yes', NULL, NULL, 2),
(719, '1', 'Director List Year 1', 'B', '181845W', 'Student 26', 'IM1803', 'Yes', NULL, NULL, 2),
(720, '1', 'Director List Year 1', 'B', '184663M', 'Student 27', 'IM1800', 'Yes', NULL, NULL, 2),
(721, '2', 'Director List Year 2', 'A', '192548X', 'Student 28', 'IM1800', 'No', NULL, NULL, 2),
(722, '2', 'Director List Year 2', 'A', '199893G', 'Student 29', 'IM1803', 'Yes', NULL, NULL, 2),
(723, '2', 'Director List Year 2', 'A', '186609E', 'Student 30', 'IM1803', 'No', NULL, NULL, 2),
(724, '2', 'Director List Year 2', 'A', '180914R', 'Student 31', 'IM1806', 'Yes', NULL, NULL, 2),
(725, '2', 'Director List Year 2', 'A', '182760S', 'Student 32', 'IM1803', 'No', NULL, NULL, 2),
(726, '2', 'Director List Year 2', 'A', '197810G', 'Student 33', 'IM1802', 'No', NULL, NULL, 2),
(727, '2', 'Director List Year 2', 'A', '180474W', 'Student 34', 'IM1800', 'No', NULL, 'Top', 2),
(728, '2', 'Director List Year 2', 'A', '199936U', 'Student 35', 'IM1806', 'No', NULL, NULL, 2),
(729, '2', 'Director List Year 2', 'A', '184085A', 'Student 36', 'IM1803', 'Yes', NULL, NULL, 2),
(730, '2', 'Director List Year 2', 'A', '199850J', 'Student 37', 'IM1806', 'No', NULL, NULL, 2),
(731, '2', 'Director List Year 2', 'A', '193680O', 'Student 38', 'IM1806', 'Yes', NULL, NULL, 2),
(732, '2', 'Director List Year 2', 'A', '184498C', 'Student 39', 'IM1805', 'Yes', NULL, NULL, 2),
(733, '2', 'Director List Year 2', 'A', '184699A', 'Student 40', 'IM1803', 'Yes', NULL, NULL, 2),
(734, '2', 'Director List Year 2', 'B', '193732D', 'Student 41', 'IM1803', 'Yes', NULL, NULL, 2),
(735, '2', 'Director List Year 2', 'B', '197736F', 'Student 42', 'IM1805', 'No', NULL, NULL, 2),
(736, '2', 'Director List Year 2', 'B', '198020Y', 'Student 43', 'IM1803', 'Yes', NULL, NULL, 2),
(737, '2', 'Director List Year 2', 'B', '188340J', 'Student 44', 'IM1804', 'No', NULL, NULL, 2),
(738, '2', 'Director List Year 2', 'B', '196776P', 'Student 45', 'IM1803', 'Yes', NULL, NULL, 2),
(739, '2', 'Director List Year 2', 'B', '188636H', 'Student 46', 'IM1801', 'Yes', NULL, NULL, 2),
(740, '2', 'Director List Year 2', 'B', '193866W', 'Student 47', 'IM1807', 'Yes', NULL, NULL, 2),
(741, '2', 'Director List Year 2', 'B', '198413I', 'Student 48', 'IM1800', 'Yes', NULL, NULL, 2),
(742, '2', 'Director List Year 2', 'B', '197297W', 'Student 49', 'IM1803', 'Yes', NULL, NULL, 2),
(743, '2', 'Director List Year 2', 'B', '184673O', 'Student 50', 'IM1801', 'No', NULL, NULL, 2),
(744, '2', 'Director List Year 2', 'B', '182979L', 'Student 51', 'IM1802', 'Yes', NULL, 'Top', 2),
(745, '2', 'Director List Year 2', 'B', '190524C', 'Student 52', 'IM1802', 'No', NULL, NULL, 2),
(746, '2', 'Director List Year 2', 'B', '196064M', 'Student 53', 'IM1807', 'No', NULL, NULL, 2),
(747, '3', 'Director List Year 3', 'A', '193916B', 'Student 54', 'IM1806', 'No', NULL, NULL, 2),
(748, '3', 'Director List Year 3', 'A', '192515Q', 'Student 55', 'IM1802', 'No', NULL, NULL, 2),
(749, '3', 'Director List Year 3', 'A', '189844N', 'Student 56', 'IM1807', 'No', NULL, NULL, 2),
(750, '3', 'Director List Year 3', 'A', '192005O', 'Student 57', 'IM1807', 'Yes', NULL, NULL, 2),
(751, '3', 'Director List Year 3', 'A', '180602I', 'Student 58', 'IM1806', 'No', NULL, NULL, 2),
(752, '3', 'Director List Year 3', 'A', '184564Q', 'Student 59', 'IM1804', 'No', NULL, NULL, 2),
(753, '3', 'Director List Year 3', 'A', '190271E', 'Student 60', 'IM1805', 'No', NULL, NULL, 2),
(754, '3', 'Director List Year 3', 'A', '190563K', 'Student 61', 'IM1801', 'Yes', NULL, NULL, 2),
(755, '3', 'Director List Year 3', 'A', '180829P', 'Student 62', 'IM1807', 'No', NULL, NULL, 2),
(756, '3', 'Director List Year 3', 'A', '185197P', 'Student 63', 'IM1804', 'No', NULL, NULL, 2),
(757, '3', 'Director List Year 3', 'A', '194367Y', 'Student 64', 'IM1801', 'No', NULL, 'Top', 2),
(758, '3', 'Director List Year 3', 'B', '196752E', 'Student 65', 'IM1807', 'No', NULL, NULL, 2),
(759, '3', 'Director List Year 3', 'B', '194684O', 'Student 66', 'IM1806', 'No', NULL, NULL, 2),
(760, '3', 'Director List Year 3', 'B', '190899D', 'Student 67', 'IM1800', 'No', NULL, NULL, 2),
(761, '3', 'Director List Year 3', 'B', '189232H', 'Student 68', 'IM1806', 'Yes', NULL, NULL, 2),
(762, '3', 'Director List Year 3', 'B', '181527Q', 'Student 69', 'IM1804', 'No', NULL, NULL, 2),
(763, '3', 'Director List Year 3', 'B', '187648J', 'Student 70', 'IM1801', 'No', NULL, NULL, 2),
(764, '3', 'Director List Year 3', 'B', '197040Z', 'Student 71', 'IM1805', 'Yes', NULL, NULL, 2),
(765, '3', 'Director List Year 3', 'B', '197898K', 'Student 72', 'IM1807', 'No', NULL, NULL, 2),
(766, '3', 'Director List Year 3', 'B', '186364V', 'Student 73', 'IM1806', 'No', NULL, NULL, 2),
(767, '3', 'Director List Year 3', 'B', '182347H', 'Student 74', 'IM1806', 'No', NULL, NULL, 2),
(768, '3', 'Director List Year 3', 'B', '194118N', 'Student 75', 'IM1805', 'No', NULL, NULL, 2),
(769, '3', 'Director List Year 3', 'B', '186278V', 'Student 76', 'IM1805', 'Yes', NULL, NULL, 2),
(770, '3', 'Director List Year 3', 'B', '191725R', 'Student 77', 'IM1803', 'Yes', NULL, 'Top', 2),
(771, '3', 'Director List Year 3', 'B', '186709N', 'Student 78', 'IM1800', 'No', NULL, NULL, 2),
(772, '3', 'Director List Year 3', 'B', '190678A', 'Student 79', 'IM1805', 'No', NULL, NULL, 2),
(773, '4', 'Good Progress', 'C', '195370O', 'Student 80', 'IM1802', 'No', NULL, NULL, 2),
(774, '4', 'Good Progress', 'C', '195212U', 'Student 81', 'IM1800', 'Yes', NULL, NULL, 2),
(775, '4', 'Good Progress', 'C', '181469S', 'Student 82', 'IM1802', 'No', NULL, NULL, 2),
(776, '4', 'Good Progress', 'C', '194502D', 'Student 83', 'IM1806', 'Yes', NULL, NULL, 2),
(777, '4', 'Good Progress', 'C', '183042I', 'Student 84', 'IM1803', 'No', NULL, NULL, 2),
(778, '4', 'Good Progress', 'C', '182473I', 'Student 85', 'IM1800', 'No', NULL, NULL, 2),
(779, '4', 'Good Progress', 'C', '185458B', 'Student 86', 'IM1803', 'Yes', NULL, NULL, 2),
(780, '4', 'Good Progress', 'C', '181430R', 'Student 87', 'IM1806', 'No', NULL, NULL, 2),
(781, '4', 'Good Progress', 'C', '191271R', 'Student 88', 'IM1807', 'No', NULL, NULL, 2),
(782, '4', 'Good Progress', 'C', '187022H', 'Student 89', 'IM1801', 'Yes', NULL, NULL, 2),
(783, '4', 'Good Progress', 'C', '189927C', 'Student 90', 'IM1802', 'Yes', NULL, NULL, 2),
(784, '4', 'Good Progress', 'C', '194319G', 'Student 91', 'IM1806', 'Yes', NULL, NULL, 2),
(785, '4', 'Good Progress', 'C', '181425T', 'Student 92', 'IM1800', 'No', NULL, NULL, 2),
(786, '4', 'Good Progress', 'C', '182312J', 'Student 93', 'IM1805', 'Yes', NULL, NULL, 2),
(787, '4', 'Good Progress', 'C', '182036J', 'Student 94', 'IM1806', 'Yes', NULL, NULL, 2),
(788, '4', 'Good Progress', 'C', '193383D', 'Student 95', 'IM1804', 'No', NULL, NULL, 2),
(789, '4', 'Good Progress', 'C', '192044V', 'Student 96', 'IM1803', 'Yes', NULL, NULL, 2),
(790, '4', 'Good Progress', 'C', '194595A', 'Student 97', 'IM1801', 'Yes', NULL, NULL, 2),
(791, '4', 'Good Progress', 'C', '188820F', 'Student 98', 'IM1807', 'Yes', NULL, NULL, 2),
(792, '4', 'Good Progress', 'C', '188880G', 'Student 99', 'IM1805', 'No', NULL, NULL, 2),
(793, '3', 'Director List Year 3', 'A', '213036S', 'EE SHIANG YUN', 'IM2101', 'No', 'yes', NULL, 5),
(794, '3', 'Director List Year 3', 'A', '224313Y', 'LIM CAI', 'IM2101', 'No', NULL, NULL, 5),
(795, '3', 'Director List Year 3', 'A', '213197S', 'LAU XUZI', 'IM2102', 'No', NULL, NULL, 5),
(796, '3', 'Director List Year 3', 'A', '213798B', 'LIM WAI HEONG', 'IM2102', NULL, NULL, NULL, 5),
(797, '3', 'Director List Year 3', 'A', '201388F', 'ABBIE NG XIN YI', 'IM2103', 'Yes', 'yes', NULL, 5),
(798, '3', 'Director List Year 3', 'A', '214468A', 'ALOYSIUS LIM YONG CHUN', 'IM2103', 'Yes', 'yes', 'Top', 5),
(799, '3', 'Director List Year 3', 'A', '213827J', 'CHO ZHI XIAN', 'IM2104', 'No', NULL, NULL, 5),
(800, '3', 'Director List Year 3', 'A', '211622D', 'LIM SI YUN', 'IM2105', NULL, NULL, NULL, 5),
(801, '3', 'Director List Year 3', 'A', '214383Y', 'JOSEPH HTOO', 'IM2108', 'No', NULL, NULL, 5),
(802, '3', 'Director List Year 3', 'A', '213038Z', 'KIM DONGHO', 'IM2108', 'No', NULL, NULL, 5),
(803, '3', 'Director List Year 3', 'A', '214034J', 'YANG QUAN JIN', 'IM2108', 'No', NULL, NULL, 5),
(804, '3', 'Director List Year 3', 'B', '211286H', 'NOURAN KHALED YOUSRY MOHAMED AHMED', 'IM2101', 'No', NULL, NULL, 5),
(805, '3', 'Director List Year 3', 'B', '212903G', 'LOO YEN PIN', 'IM2102', 'Yes', NULL, 'Top', 5),
(806, '3', 'Director List Year 3', 'B', '214187M', 'PEH LE YI, VENICE', 'IM2102', NULL, NULL, NULL, 5),
(807, '3', 'Director List Year 3', 'B', '213893A', 'XAVIER ANG XU ZHI', 'IM2102', NULL, NULL, NULL, 5),
(808, '3', 'Director List Year 3', 'B', '212877Z', 'GOH KUN ZHAN, MARCUS', 'IM2103', 'No', NULL, NULL, 5),
(809, '3', 'Director List Year 3', 'B', '212924B', 'BAJAJ MANAS MANOJKUMAR', 'IM2104', 'Yes', 'yes', NULL, 5),
(810, '3', 'Director List Year 3', 'B', '211400T', 'ENG FU WEI', 'IM2104', NULL, NULL, NULL, 5),
(811, '3', 'Director List Year 3', 'B', '213704M', 'KUANG LINFEI', 'IM2104', 'Yes', NULL, NULL, 5),
(812, '3', 'Director List Year 3', 'B', '211697E', 'BELTRAN KUEH BING XUN', 'IM2105', 'Yes', 'yes', NULL, 5),
(813, '3', 'Director List Year 3', 'B', '211350P', 'VERNON SEW ZHI SHIN', 'IM2105', 'No', NULL, NULL, 5),
(814, '3', 'Director List Year 3', 'B', '212554M', 'ISAAC KOH WEICHEN', 'IM2106', NULL, NULL, NULL, 5),
(815, '3', 'Director List Year 3', 'B', '213200B', 'WOON YUN XUAN CLARA', 'IM2106', 'No', NULL, NULL, 5),
(816, '3', 'Director List Year 3', 'B', '214412L', 'MANFRED LUM JUN AN', 'IM2108', 'Yes', NULL, NULL, 5),
(817, '3', 'Director List Year 3', 'A', '213036S', 'EE SHIANG YUN', 'IM2101', 'No', 'yes', NULL, 4),
(818, '3', 'Director List Year 3', 'A', '224313Y', 'LIM CAI', 'IM2101', 'No', NULL, NULL, 4),
(819, '3', 'Director List Year 3', 'A', '213197S', 'LAU XUZI', 'IM2102', 'No', NULL, NULL, 4),
(820, '3', 'Director List Year 3', 'A', '213798B', 'LIM WAI HEONG', 'IM2102', NULL, NULL, NULL, 4),
(821, '3', 'Director List Year 3', 'A', '201388F', 'ABBIE NG XIN YI', 'IM2103', 'Yes', 'yes', NULL, 4),
(822, '3', 'Director List Year 3', 'A', '214468A', 'ALOYSIUS LIM YONG CHUN', 'IM2103', 'Yes', 'yes', 'Top', 4),
(823, '3', 'Director List Year 3', 'A', '213827J', 'CHO ZHI XIAN', 'IM2104', 'No', NULL, NULL, 4),
(824, '3', 'Director List Year 3', 'A', '211622D', 'LIM SI YUN', 'IM2105', NULL, NULL, NULL, 4),
(825, '3', 'Director List Year 3', 'A', '214383Y', 'JOSEPH HTOO', 'IM2108', 'No', NULL, NULL, 4),
(826, '3', 'Director List Year 3', 'A', '213038Z', 'KIM DONGHO', 'IM2108', 'No', NULL, NULL, 4),
(827, '3', 'Director List Year 3', 'A', '214034J', 'YANG QUAN JIN', 'IM2108', 'No', NULL, NULL, 4),
(828, '3', 'Director List Year 3', 'B', '211286H', 'NOURAN KHALED YOUSRY MOHAMED AHMED', 'IM2101', 'No', NULL, NULL, 4),
(829, '3', 'Director List Year 3', 'B', '212903G', 'LOO YEN PIN', 'IM2102', 'Yes', NULL, 'Top', 4),
(830, '3', 'Director List Year 3', 'B', '214187M', 'PEH LE YI, VENICE', 'IM2102', NULL, NULL, NULL, 4),
(831, '3', 'Director List Year 3', 'B', '213893A', 'XAVIER ANG XU ZHI', 'IM2102', NULL, NULL, NULL, 4),
(832, '3', 'Director List Year 3', 'B', '212877Z', 'GOH KUN ZHAN, MARCUS', 'IM2103', 'No', NULL, NULL, 4),
(833, '3', 'Director List Year 3', 'B', '212924B', 'BAJAJ MANAS MANOJKUMAR', 'IM2104', 'Yes', 'yes', NULL, 4),
(834, '3', 'Director List Year 3', 'B', '211400T', 'ENG FU WEI', 'IM2104', NULL, NULL, NULL, 4),
(835, '3', 'Director List Year 3', 'B', '213704M', 'KUANG LINFEI', 'IM2104', 'Yes', NULL, NULL, 4),
(836, '3', 'Director List Year 3', 'B', '211697E', 'BELTRAN KUEH BING XUN', 'IM2105', 'Yes', 'yes', NULL, 4),
(837, '3', 'Director List Year 3', 'B', '211350P', 'VERNON SEW ZHI SHIN', 'IM2105', 'No', NULL, NULL, 4),
(838, '3', 'Director List Year 3', 'B', '212554M', 'ISAAC KOH WEICHEN', 'IM2106', NULL, NULL, NULL, 4),
(839, '3', 'Director List Year 3', 'B', '213200B', 'WOON YUN XUAN CLARA', 'IM2106', 'No', NULL, NULL, 4),
(840, '3', 'Director List Year 3', 'B', '214412L', 'MANFRED LUM JUN AN', 'IM2108', 'Yes', NULL, NULL, 4),
(841, '1', 'Director List Year 1', 'A', '183837N', 'Do OB', 'IM1803', 'Attending', NULL, 'Top', 3),
(842, '1', 'Director List Year 1', 'A', '185284Z', 'D/O', 'IM1800', 'Attending', 'yes', NULL, 3),
(843, '1', 'Director List Year 1', 'A', '181205D', 'A\'B', 'IM1805', 'Attending', NULL, NULL, 3),
(844, '1', 'Director List Year 1', 'A', '182950F', 'C-D', 'IM1800', 'Attending', NULL, NULL, 3),
(845, '1', 'Director List Year 1', 'A', '195412W', 'MadLads', 'IM1807', 'Attending', NULL, NULL, 3),
(846, '1', 'Director List Year 1', 'A', '196992P', 'Geog', 'IM1805', 'Attending', NULL, NULL, 3),
(847, '1', 'Director List Year 1', 'A', '186123N', 'Newton', 'IM1805', 'Attending', NULL, NULL, 3),
(848, '1', 'Director List Year 1', 'A', '185063A', 'Gradient', 'IM1806', 'Attending', NULL, NULL, 3),
(849, '1', 'Director List Year 1', 'A', '186811O', 'Minus', 'IM1807', 'Not Attending', NULL, NULL, 3),
(850, '1', 'Director List Year 1', 'A', '183295X', 'Addition', 'IM1805', 'Attending', NULL, NULL, 3),
(851, '1', 'Director List Year 1', 'A', '190237C', 'Edison', 'IM1807', 'Attending', NULL, NULL, 3),
(852, '1', 'Director List Year 1', 'A', '187569J', 'Thomas', 'IM1805', 'Not Attending', NULL, NULL, 3),
(853, '1', 'Director List Year 1', 'A', '182225C', 'Mary', 'IM1807', 'Attending', NULL, NULL, 3),
(854, '1', 'Director List Year 1', 'A', '194101W', 'Javan', 'IM1805', 'Attending', NULL, NULL, 3),
(855, '1', 'Director List Year 1', 'A', '193212B', 'Lookcas', 'IM1802', 'Not Attending', NULL, NULL, 3),
(856, '1', 'Director List Year 1', 'A', '191007G', 'Yuma', 'IM1800', 'Attending', NULL, NULL, 3),
(857, '1', 'Director List Year 1', 'A', '184560M', 'Terry', 'IM1804', 'Attending', NULL, NULL, 3),
(858, '1', 'Director List Year 1', 'B', '181508S', 'Liheng', 'IM1803', 'Attending', NULL, 'Top', 3),
(859, '1', 'Director List Year 1', 'B', '180512D', 'Temo', 'IM1807', 'Attending', NULL, NULL, 3),
(860, '1', 'Director List Year 1', 'B', '185760N', 'Dado', 'IM1803', 'Attending', NULL, NULL, 3),
(861, '2', 'Director List Year 2', 'A', '180914R', 'Fed', 'IM1806', 'Attending', NULL, NULL, 3),
(862, '2', 'Director List Year 2', 'A', '182760S', 'Ged', 'IM1803', 'Not Attending', NULL, NULL, 3),
(863, '2', 'Director List Year 2', 'A', '197810G', 'Daddas', 'IM1802', 'Not Attending', NULL, NULL, 3),
(864, '2', 'Director List Year 2', 'A', '180474W', 'Yoma', 'IM1800', 'Not Attending', NULL, 'Top', 3),
(865, '2', 'Director List Year 2', 'A', '199936U', 'Khai', 'IM1806', 'Not Attending', NULL, NULL, 3),
(866, '2', 'Director List Year 2', 'A', '184085A', 'Omo', 'IM1803', 'Attending', NULL, NULL, 3),
(867, '2', 'Director List Year 2', 'A', '199850J', 'Pale', 'IM1806', 'Not Attending', NULL, NULL, 3),
(868, '2', 'Director List Year 2', 'A', '193680O', 'Jes', 'IM1806', 'Attending', NULL, NULL, 3),
(869, '2', 'Director List Year 2', 'B', '196776P', 'Teer', 'IM1803', 'Attending', NULL, NULL, 3),
(870, '2', 'Director List Year 2', 'B', '188636H', 'das', 'IM1801', 'Attending', NULL, NULL, 3),
(871, '2', 'Director List Year 2', 'B', '193866W', 'Ras', 'IM1807', 'Attending', NULL, NULL, 3),
(872, '2', 'Director List Year 2', 'B', '198413I', 'Xav', 'IM1800', 'Attending', NULL, NULL, 3),
(873, '2', 'Director List Year 2', 'B', '197297W', 'Dace', 'IM1803', 'Attending', NULL, NULL, 3),
(874, '2', 'Director List Year 2', 'B', '184673O', 'berty', 'IM1801', 'Not Attending', NULL, NULL, 3),
(875, '2', 'Director List Year 2', 'B', '182979L', 'mum', 'IM1802', 'Attending', NULL, 'Top', 3),
(876, '3', 'Director List Year 3', 'A', '184564Q', 'dad', 'IM1804', 'Not Attending', NULL, NULL, 3),
(877, '3', 'Director List Year 3', 'A', '190271E', 'child', 'IM1805', 'Not Attending', NULL, NULL, 3),
(878, '3', 'Director List Year 3', 'A', '190563K', 'bob', 'IM1801', 'Attending', NULL, NULL, 3),
(879, '3', 'Director List Year 3', 'A', '180829P', 'aden', 'IM1807', 'Not Attending', NULL, NULL, 3),
(880, '3', 'Director List Year 3', 'A', '185197P', 'eve', 'IM1804', 'Not Attending', NULL, NULL, 3),
(881, '3', 'Director List Year 3', 'A', '194367Y', 'Casper', 'IM1801', 'Not Attending', NULL, 'Top', 3),
(882, '3', 'Director List Year 3', 'B', '196752E', 'Nidld', 'IM1807', 'Not Attending', NULL, NULL, 3),
(883, '3', 'Director List Year 3', 'B', '186709N', 'Ligma', 'IM1800', 'Not Attending', NULL, NULL, 3),
(884, '3', 'Director List Year 3', 'B', '190678A', 'Dug', 'IM1805', 'Not Attending', NULL, NULL, 3),
(885, ' ', 'Good Progress', ' ', '195370O', 'James', 'IM1802', 'Not Attending', NULL, NULL, 3),
(886, ' ', 'Good Progress', ' ', '195212U', 'Jerry', 'IM1800', 'Attending', NULL, NULL, 3),
(887, ' ', 'Good Progress', ' ', '182312J', 'Tom', 'IM1805', 'Attending', NULL, NULL, 3),
(888, ' ', 'Good Progress', ' ', '182036J', 'YuL', 'IM1806', 'Attending', NULL, NULL, 3),
(889, ' ', 'Good Progress', ' ', '193383D', 'Haha', 'IM1804', 'Not Attending', NULL, NULL, 3),
(890, ' ', 'Good Progress', ' ', '192044V', 'Jasd', 'IM1803', 'Attending', NULL, NULL, 3),
(891, ' ', 'Good Progress', ' ', '194595A', 'Kai', 'IM1801', 'Attending', NULL, NULL, 3),
(892, ' ', 'Good Progress', ' ', '188820F', 'Yhu', 'IM1807', 'Attending', NULL, NULL, 3),
(893, ' ', 'Good Progress', ' ', '188880G', 'Kool', 'IM1805', 'Not Attending', NULL, NULL, 3);

-- --------------------------------------------------------

--
-- Table structure for table `users`
--

DROP TABLE IF EXISTS `users`;
CREATE TABLE IF NOT EXISTS `users` (
  `id` int(11) NOT NULL AUTO_INCREMENT,
  `username` varchar(500) NOT NULL,
  `password` varchar(500) NOT NULL,
  `role` varchar(45) DEFAULT NULL,
  PRIMARY KEY (`id`)
) ENGINE=MyISAM AUTO_INCREMENT=15 DEFAULT CHARSET=latin1;

--
-- Dumping data for table `users`
--

INSERT INTO `users` (`id`, `username`, `password`, `role`) VALUES
(1, 'admin', 'password', 'Admin'),
(2, 'liheng', 'password', 'user'),
(3, 'liheng2', 'password', 'Student'),
(4, 'james', 'password', 'Teacher'),
(5, 'liheg3', 'password', 'Teacher'),
(7, 'jamielee', 'password', 'Teacher'),
(14, 'CasperC', 'password', 'Teacher'),
(12, 'liheng2', 'password', 'Teacher'),
(13, 'adin', 'password', 'Teacher');

--
-- Constraints for dumped tables
--

--
-- Constraints for table `emcee`
--
ALTER TABLE `emcee`
  ADD CONSTRAINT `event` FOREIGN KEY (`Event`) REFERENCES `event` (`id`) ON DELETE NO ACTION ON UPDATE NO ACTION;

--
-- Constraints for table `seating`
--
ALTER TABLE `seating`
  ADD CONSTRAINT `seating_ibfk_1` FOREIGN KEY (`event`) REFERENCES `event` (`id`);

--
-- Constraints for table `students`
--
ALTER TABLE `students`
  ADD CONSTRAINT `events` FOREIGN KEY (`Event`) REFERENCES `event` (`id`) ON DELETE NO ACTION ON UPDATE NO ACTION;
COMMIT;

/*!40101 SET CHARACTER_SET_CLIENT=@OLD_CHARACTER_SET_CLIENT */;
/*!40101 SET CHARACTER_SET_RESULTS=@OLD_CHARACTER_SET_RESULTS */;
/*!40101 SET COLLATION_CONNECTION=@OLD_COLLATION_CONNECTION */;
